# Blender 5.2.1 LTS
# www.blender.org
mtllib pine_tree.mtl
o tree
v -0.096203 9.070184 -0.319258
v -0.042494 9.059077 -0.370854
v 0.009611 9.060661 -0.316825
v -0.044098 9.071766 -0.265230
v 0.004833 9.383373 -0.331035
v 0.021583 9.379236 -0.347156
v 0.037455 9.376326 -0.329917
v 0.020704 9.380461 -0.313796
v 0.208096 7.842116 0.140294
v 0.144336 7.853824 0.167780
v 0.156162 7.922067 0.164451
v 0.219923 7.910360 0.136965
v 0.429686 7.664586 0.630927
v 0.384654 7.672249 0.655211
v 0.399509 7.720226 0.667619
v 0.444542 7.712562 0.643335
v -0.835418 6.707424 -1.170702
v -0.779456 6.705748 -1.240001
v -0.738230 6.779051 -1.209542
v -0.794192 6.780727 -1.140243
v 0.804657 6.109896 -1.021498
v 0.854556 6.093018 -0.957027
v 0.827935 6.161894 -0.920501
v 0.778036 6.178771 -0.984972
v 1.289385 6.589363 -1.106731
v 1.317333 6.570399 -1.055999
v 1.284034 6.609404 -1.023073
v 1.256086 6.628370 -1.073805
v -1.144336 7.031146 -1.328408
v -1.111307 7.038249 -1.386598
v -1.074524 7.087745 -1.359678
v -1.107554 7.080642 -1.301488
v -0.474410 0.186697 0.110052
v -0.304879 0.157809 -0.257601
v 0.063298 0.147815 -0.087043
v -0.106234 0.176703 0.280610
v -0.574076 7.027651 0.203120
v -0.655635 7.040077 0.133153
v -0.643143 7.146400 0.136065
v -0.561584 7.133974 0.206032
v -1.053841 7.275133 0.922221
v -1.133999 7.288513 0.852478
v -1.122136 7.393579 0.857459
v -1.041978 7.380199 0.927202
v -1.482699 7.168843 1.293294
v -1.537326 7.179296 1.235165
v -1.543865 7.256920 1.255269
v -1.489238 7.246468 1.313398
v 0.495704 8.233551 -0.509300
v 0.489536 8.227978 -0.407676
v 0.459242 8.324475 -0.405872
v 0.465411 8.330050 -0.507495
v 0.819530 8.421178 -0.430063
v 0.826023 8.419401 -0.332244
v 0.793604 8.515292 -0.331324
v 0.788138 8.516293 -0.430096
v 1.242106 8.457868 -0.566805
v 1.273160 8.453242 -0.510238
v 1.283013 8.517093 -0.511126
v 1.251959 8.521721 -0.567693
v 1.443807 8.395177 -0.709666
v 1.464959 8.391595 -0.682526
v 1.475484 8.424320 -0.686411
v 1.454332 8.427901 -0.713551
v -0.235541 8.776172 -0.598226
v -0.161042 8.761975 -0.610006
v -0.144864 8.837053 -0.613700
v -0.219363 8.851250 -0.601920
v -0.214787 8.728736 -0.774610
v -0.157568 8.720472 -0.765655
v -0.146702 8.774532 -0.785198
v -0.203921 8.782796 -0.794153
v 0.655680 4.546482 1.138777
v 0.483480 4.575371 1.128691
v 0.520822 4.752867 1.114500
v 0.693022 4.723977 1.124585
v 0.344311 4.798866 1.673639
v 0.250074 4.805297 1.610289
v 0.278217 4.911004 1.579156
v 0.372454 4.904572 1.642506
v 0.166533 4.426559 -2.266830
v 0.256397 4.411273 -2.262593
v 0.271764 4.501211 -2.264068
v 0.181901 4.516496 -2.268305
v -0.508882 4.238905 -1.041590
v -0.529532 4.242404 -1.147524
v -0.556771 4.346529 -1.138776
v -0.536122 4.343031 -1.032842
v 0.264111 5.761275 -1.141533
v 0.380010 5.741559 -1.150698
v 0.396692 5.854078 -1.181792
v 0.280793 5.873794 -1.172627
v -0.310629 6.480521 -1.314837
v -0.240150 6.466667 -1.261634
v -0.233334 6.554983 -1.248438
v -0.303813 6.568837 -1.301641
v -0.018024 6.545329 -1.579798
v 0.028347 6.533968 -1.532383
v 0.028945 6.599530 -1.517260
v -0.017426 6.610891 -1.564675
v -1.253647 6.833727 0.414194
v -1.189416 6.841190 0.330199
v -1.234856 6.934686 0.305728
v -1.299087 6.927223 0.389722
v -1.500455 6.708740 0.071181
v -1.438588 6.723250 0.021841
v -1.464282 6.798831 0.011852
v -1.526148 6.784321 0.061192
v 0.520962 7.866285 0.218252
v 0.528202 7.847184 0.279856
v 0.513872 7.911119 0.301421
v 0.506632 7.930220 0.239818
v 0.714726 7.884143 0.319604
v 0.690887 7.864832 0.361259
v 0.680331 7.912816 0.377463
v 0.704170 7.932127 0.335808
v 0.071567 8.456675 -0.685480
v 0.141019 8.429395 -0.703058
v 0.172555 8.481693 -0.654941
v 0.103104 8.508974 -0.637364
v 0.218149 8.671824 -0.929826
v 0.260974 8.643347 -0.929223
v 0.280560 8.673581 -0.892513
v 0.237735 8.702057 -0.893117
v 1.119382 8.291780 -0.276535
v 1.059782 8.318428 -0.267139
v 1.086659 8.367876 -0.229109
v 1.146259 8.341228 -0.238504
v 0.987716 8.207456 -0.084334
v 0.963264 8.227758 -0.091498
v 0.975072 8.249470 -0.070272
v 0.999525 8.229169 -0.063108
v -0.137031 8.339826 0.014396
v -0.192070 8.378505 -0.019052
v -0.207123 8.418738 0.045035
v -0.152085 8.380059 0.078484
v -0.405648 8.187957 -0.021319
v -0.426642 8.234490 -0.049890
v -0.449038 8.255070 0.000084
v -0.428044 8.208535 0.028655
v 0.714871 5.330544 0.309222
v 0.732197 5.282638 0.425197
v 0.635735 5.357035 0.471026
v 0.618410 5.404943 0.355052
v 1.287688 5.732650 0.834932
v 1.243191 5.740226 0.883229
v 1.224176 5.797709 0.856694
v 1.268673 5.790133 0.808396
v 0.912224 5.852175 0.159527
v 0.969323 5.842461 0.149721
v 0.982870 5.889896 0.181614
v 0.925772 5.899610 0.191420
v -0.109719 8.767894 -0.279785
v -0.035455 8.765755 -0.343868
v 0.016703 8.763941 -0.266348
v -0.038630 8.777407 -0.203781
v -0.097457 8.871274 -0.284543
v -0.040905 8.861646 -0.337104
v 0.012287 8.873683 -0.282150
v -0.043723 8.883219 -0.228806
v -0.100521 8.967543 -0.302083
v -0.044794 8.957706 -0.355763
v 0.009676 8.968024 -0.301046
v -0.046050 8.977859 -0.247366
v -0.036462 8.294990 -0.246066
v -0.109574 8.307858 -0.311397
v -0.044182 8.325432 -0.392128
v 0.042902 8.309448 -0.315787
v -0.034468 8.444404 -0.226240
v -0.102707 8.456763 -0.281541
v -0.045142 8.468416 -0.348609
v 0.022392 8.454653 -0.290994
v -0.029718 8.544815 -0.190378
v -0.113210 8.571474 -0.241611
v -0.045851 8.575363 -0.331659
v 0.022175 8.590474 -0.269370
v -0.149148 7.407545 -0.363361
v -0.073249 7.354548 -0.473411
v 0.054975 7.373576 -0.398241
v -0.038421 7.408950 -0.283201
v -0.136006 7.586449 -0.376439
v -0.054584 7.573792 -0.496328
v 0.061719 7.585241 -0.404801
v -0.030567 7.558395 -0.301342
v -0.109657 5.184448 -0.000770
v -0.147706 5.194839 -0.282370
v 0.128050 5.190466 -0.297070
v 0.149605 5.251979 -0.052193
v -0.091156 5.565974 -0.036303
v -0.138647 5.573334 -0.287949
v 0.093416 5.506074 -0.324659
v 0.158509 5.560199 -0.092212
v -0.069146 9.173122 -0.325223
v -0.024477 9.162455 -0.368183
v 0.018078 9.156511 -0.322402
v -0.026590 9.167179 -0.279441
v -0.046059 9.244270 -0.327270
v -0.009006 9.235122 -0.362928
v 0.026102 9.228683 -0.324796
v -0.010951 9.237831 -0.289137
v -0.027853 9.299931 -0.328834
v 0.003193 9.292266 -0.358711
v 0.032610 9.286870 -0.326760
v 0.001563 9.294536 -0.296883
v -0.011602 9.349615 -0.330229
v 0.014083 9.343273 -0.354947
v 0.038419 9.338811 -0.328514
v 0.012734 9.345152 -0.303796
v 0.076471 7.691287 -0.266257
v -0.044360 7.691023 -0.237439
v -0.030220 7.858629 -0.278368
v 0.082873 7.812521 -0.295509
v 0.109096 7.742336 -0.145629
v 0.016973 7.758215 -0.115130
v 0.022989 7.851837 -0.147485
v 0.114611 7.835635 -0.177678
v 0.145847 7.782566 -0.038465
v 0.063399 7.796594 -0.011107
v 0.068097 7.879723 -0.039575
v 0.150545 7.865695 -0.066933
v 0.178838 7.819316 0.058126
v 0.105909 7.831921 0.083383
v 0.111413 7.906296 0.061331
v 0.184343 7.893691 0.036074
v 0.366338 7.722803 0.452281
v 0.296900 7.732390 0.491950
v 0.323783 7.804867 0.505075
v 0.392471 7.784887 0.492616
v 0.404291 7.681459 0.560142
v 0.344248 7.691677 0.592521
v 0.364056 7.755646 0.609065
v 0.424099 7.745428 0.576686
v -0.156567 6.037859 -0.203272
v 0.015534 6.036963 -0.379132
v 0.195446 5.999299 -0.211783
v -0.012499 6.044386 -0.057804
v -0.154146 6.322611 -0.216894
v -0.035906 6.302324 -0.369125
v 0.118095 6.316271 -0.252816
v 0.000059 6.339972 -0.102132
v -0.170865 6.566627 -0.261860
v -0.080829 6.546678 -0.440548
v 0.095555 6.567963 -0.293298
v -0.006859 6.586295 -0.150271
v -0.225571 6.613389 -0.385951
v -0.094539 6.765393 -0.509326
v -0.233085 6.765031 -0.431877
v -0.305875 6.585278 -0.504091
v -0.207955 6.566530 -0.581458
v -0.220725 6.687922 -0.622267
v -0.317948 6.705164 -0.543903
v -0.390991 6.549295 -0.611382
v -0.304072 6.534500 -0.682140
v -0.314592 6.641390 -0.717413
v -0.401511 6.656185 -0.646655
v -0.476487 6.511238 -0.738716
v -0.379760 6.501725 -0.780972
v -0.399897 6.603367 -0.827811
v -0.486240 6.619167 -0.752103
v -0.614826 6.541674 -0.900804
v -0.532820 6.505400 -0.993930
v -0.498309 6.604116 -0.967564
v -0.588994 6.625657 -0.883980
v -0.698543 6.594095 -1.004522
v -0.629995 6.580421 -1.063215
v -0.597418 6.660676 -1.040957
v -0.665054 6.673974 -0.981523
v -0.766253 6.649043 -1.092339
v -0.701004 6.639192 -1.152733
v -0.665868 6.717856 -1.128113
v -0.731117 6.727706 -1.067719
v 0.487729 5.963255 -0.814140
v 0.585228 5.937103 -0.667140
v 0.562170 6.063853 -0.622579
v 0.467292 6.090469 -0.721863
v 0.611574 6.014908 -0.867402
v 0.692235 5.998531 -0.790224
v 0.680157 6.105092 -0.757953
v 0.598870 6.119796 -0.834658
v 0.706526 6.055708 -0.948638
v 0.774521 6.042841 -0.881855
v 0.761487 6.133008 -0.852148
v 0.693492 6.145875 -0.918931
v 0.899147 6.194319 -1.051272
v 0.938221 6.170574 -0.984323
v 0.896835 6.225148 -0.941575
v 0.857761 6.248893 -1.008524
v 0.983394 6.278404 -1.066612
v 1.020658 6.253118 -0.998970
v 0.976258 6.305126 -0.955068
v 0.938995 6.330413 -1.022710
v 1.065229 6.360435 -1.081028
v 1.102493 6.335148 -1.013386
v 1.058094 6.387157 -0.969485
v 1.020830 6.412444 -1.037127
v 1.147065 6.442467 -1.095445
v 1.184329 6.417181 -1.027803
v 1.139929 6.469189 -0.983901
v 1.102666 6.494475 -1.051543
v 1.228900 6.524499 -1.109861
v 1.266164 6.499213 -1.042219
v 1.221765 6.551220 -0.998318
v 1.184501 6.576507 -1.065960
v -0.917377 6.786356 -1.216560
v -0.871317 6.793911 -1.292870
v -0.823598 6.861161 -1.257814
v -0.869658 6.853607 -1.181503
v -1.003917 6.871731 -1.255197
v -0.959878 6.881201 -1.332783
v -0.910835 6.947196 -1.296890
v -0.954874 6.937724 -1.219303
v -1.090805 6.957435 -1.294053
v -1.046767 6.966906 -1.371640
v -0.997723 7.032900 -1.335747
v -1.041762 7.023429 -1.258160
v -0.509831 0.823371 0.100774
v -0.297107 0.787123 -0.360548
v 0.164872 0.774583 -0.146536
v -0.047852 0.810831 0.314786
v -0.448397 1.501987 0.054276
v -0.251944 1.468511 -0.371760
v 0.174698 1.456931 -0.174117
v -0.021755 1.490407 0.251919
v -0.395425 2.087134 0.014183
v -0.213002 2.056048 -0.381427
v 0.183171 2.045294 -0.197899
v 0.000748 2.076380 0.197710
v -0.346365 2.629064 -0.022950
v -0.176936 2.600193 -0.390380
v 0.191018 2.590205 -0.219925
v 0.021589 2.619076 0.147505
v -0.299949 3.141794 -0.058081
v -0.142814 3.115018 -0.398851
v 0.198442 3.105755 -0.240764
v 0.041307 3.132531 0.100006
v -0.255962 3.709817 -0.125602
v -0.114034 3.597508 -0.439651
v 0.224562 3.672582 -0.317226
v 0.075843 3.674882 0.041062
v -0.164779 6.881287 -0.312741
v -0.057663 6.909501 -0.445792
v 0.072095 6.878192 -0.354741
v -0.020191 6.896119 -0.207133
v -0.195353 7.089507 -0.309875
v -0.053943 7.085655 -0.448116
v 0.058838 7.110584 -0.342656
v -0.076882 7.084496 -0.201777
v -0.218575 7.284724 -0.294105
v -0.106066 7.252656 -0.185768
v -0.240682 7.089867 -0.096537
v -0.330104 7.102878 -0.187094
v -0.340910 7.227966 -0.159923
v -0.252588 7.213685 -0.069021
v -0.359495 7.064025 0.003503
v -0.442467 7.078127 -0.082590
v -0.449461 7.195482 -0.056626
v -0.366489 7.181380 0.029466
v -0.468539 7.039776 0.100066
v -0.548101 7.052983 0.019965
v -0.551497 7.164161 0.041138
v -0.471934 7.150953 0.121238
v -0.889928 7.176756 0.667386
v -1.005425 7.190573 0.580716
v -0.944078 7.309927 0.586280
v -0.853946 7.292713 0.651614
v -0.974604 7.244244 0.809319
v -1.060682 7.258881 0.743186
v -1.032956 7.360782 0.732023
v -0.947165 7.346280 0.795949
v -1.157254 7.253051 1.021267
v -1.231343 7.266816 0.945032
v -1.236541 7.370800 0.968266
v -1.162452 7.357035 1.044502
v -1.271169 7.217192 1.121759
v -1.344006 7.231129 1.044253
v -1.352724 7.334628 1.071058
v -1.279887 7.320690 1.148564
v -1.386218 7.181176 1.223400
v -1.459054 7.195113 1.145895
v -1.467773 7.298612 1.172700
v -1.394936 7.284675 1.250206
v -0.129594 7.858723 -0.385762
v -0.051065 7.867307 -0.477807
v 0.053976 7.861104 -0.394634
v -0.026351 8.052025 -0.283541
v -0.119991 8.065239 -0.357523
v -0.042177 8.083379 -0.447389
v 0.040231 8.031204 -0.372298
v 0.315785 8.215480 -0.512350
v 0.338864 8.208076 -0.396736
v 0.326578 8.323028 -0.400280
v 0.343254 8.323898 -0.506531
v 0.625968 8.300241 -0.482132
v 0.606286 8.289168 -0.382397
v 0.554358 8.376863 -0.383615
v 0.574041 8.387937 -0.483350
v 0.731665 8.370430 -0.449231
v 0.713919 8.360294 -0.349466
v 0.661905 8.447965 -0.350993
v 0.679651 8.458103 -0.450759
v 1.090716 8.440061 -0.511159
v 1.140272 8.439894 -0.450460
v 1.120884 8.522077 -0.429244
v 1.086173 8.528363 -0.510061
v 1.179528 8.457250 -0.543386
v 1.205276 8.453040 -0.477701
v 1.206760 8.523571 -0.474045
v 1.181012 8.527781 -0.539730
v 1.300126 8.440880 -0.606992
v 1.334799 8.435168 -0.559795
v 1.351166 8.491380 -0.565331
v 1.316493 8.497093 -0.612528
v 1.353735 8.421308 -0.648234
v 1.386608 8.415742 -0.606057
v 1.402966 8.466601 -0.612095
v 1.370093 8.472166 -0.654273
v 1.403256 8.403336 -0.686229
v 1.433276 8.398252 -0.647711
v 1.448215 8.444698 -0.653225
v 1.418194 8.449780 -0.691743
v -0.129288 8.674750 -0.325629
v -0.048684 8.657756 -0.361222
v -0.164044 8.719531 -0.415425
v -0.095567 8.707878 -0.450763
v -0.075314 8.780509 -0.432093
v -0.143249 8.792068 -0.395972
v -0.203849 8.753918 -0.505950
v -0.133978 8.741566 -0.537058
v -0.113437 8.814903 -0.522530
v -0.183308 8.827255 -0.491421
v -0.233761 8.749876 -0.697443
v -0.157603 8.738092 -0.689480
v -0.142989 8.810895 -0.711788
v -0.219147 8.822679 -0.719752
v -0.140163 4.338349 -0.050212
v -0.124626 4.415625 -0.439682
v 0.201083 4.340185 -0.437094
v 0.150217 4.322617 -0.049628
v -0.125989 4.715971 -0.000692
v -0.148713 4.734108 -0.310834
v 0.122744 4.728335 -0.342717
v 0.183438 4.696594 -0.008844
v 0.470263 4.654135 0.593407
v 0.298875 4.669315 0.680225
v 0.341389 4.861609 0.701520
v 0.524866 4.808482 0.667985
v 0.577980 4.579628 0.861672
v 0.417617 4.607419 0.927658
v 0.457378 4.780979 0.943427
v 0.617740 4.753186 0.877441
v 0.556296 4.628018 1.388245
v 0.408564 4.641718 1.307527
v 0.449407 4.803643 1.266313
v 0.597139 4.789943 1.347030
v 0.436947 4.718638 1.568969
v 0.304610 4.727670 1.480006
v 0.344132 4.876114 1.436286
v 0.476469 4.867083 1.525249
v -0.119003 4.043794 -0.577426
v 0.183973 4.041457 -0.600098
v -0.020585 4.242554 -0.857339
v 0.199132 4.205954 -0.835142
v 0.218289 4.412525 -0.749074
v -0.005441 4.446119 -0.770908
v 0.002757 4.320181 -1.077062
v 0.222506 4.306095 -1.076022
v 0.242766 4.480471 -1.023772
v 0.000423 4.521860 -1.057375
v 0.081727 4.412775 -1.457643
v 0.224785 4.372289 -1.404485
v 0.265866 4.532891 -1.398392
v 0.090212 4.567602 -1.409462
v 0.109212 4.420329 -1.634040
v 0.250329 4.396326 -1.627386
v 0.274461 4.537558 -1.629702
v 0.133344 4.561562 -1.636356
v 0.120433 4.418642 -1.811461
v 0.255454 4.395675 -1.805094
v 0.278544 4.530807 -1.807311
v 0.143523 4.553773 -1.813677
v 0.131183 4.417026 -1.981415
v 0.260364 4.395053 -1.975323
v 0.282455 4.524340 -1.977444
v 0.153274 4.546313 -1.983535
v 0.141603 4.415459 -2.146159
v 0.265123 4.394449 -2.140335
v 0.286246 4.518071 -2.142362
v 0.162726 4.539082 -2.148187
v -0.005197 4.353151 -1.300034
v -0.066996 4.512000 -1.270674
v -0.181806 4.306143 -1.081627
v -0.209547 4.311166 -1.229298
v -0.246110 4.456312 -1.215925
v -0.215834 4.452356 -1.065804
v -0.364637 4.257411 -1.049539
v -0.392624 4.262152 -1.193116
v -0.429543 4.403278 -1.181260
v -0.401556 4.398538 -1.037682
v 0.073023 5.733383 -0.420603
v 0.248472 5.734352 -0.278987
v 0.214634 5.828370 -0.557194
v 0.386671 5.812921 -0.466408
v 0.357111 5.999615 -0.394976
v 0.223306 6.023084 -0.540161
v 0.273864 5.832620 -0.758433
v 0.430260 5.800641 -0.757200
v 0.290776 5.985548 -0.795482
v 0.261808 5.787351 -0.973876
v 0.416028 5.760227 -0.985860
v 0.437331 5.907745 -1.026608
v 0.283738 5.936540 -1.015098
v -0.417273 6.471426 -0.911833
v -0.395551 6.563540 -0.933400
v -0.440961 6.482459 -1.090978
v -0.361461 6.466936 -1.048921
v -0.348944 6.555473 -1.042966
v -0.427533 6.570619 -1.084281
v -0.378223 6.478491 -1.203374
v -0.301416 6.465158 -1.159249
v -0.290197 6.553835 -1.152369
v -0.367004 6.567170 -1.196494
v -0.232393 6.493978 -1.398168
v -0.169077 6.479076 -1.336579
v -0.167244 6.566662 -1.317549
v -0.230560 6.581564 -1.379138
v -0.156484 6.509498 -1.468885
v -0.094657 6.494351 -1.405666
v -0.093859 6.581767 -1.385501
v -0.155687 6.596915 -1.448721
v -0.081838 6.524811 -1.538220
v -0.020010 6.509663 -1.475000
v -0.019212 6.597079 -1.454836
v -0.081040 6.612226 -1.518056
v -0.661325 7.062069 0.326257
v -0.747924 7.073780 0.266416
v -0.720648 7.177715 0.248305
v -0.634446 7.164865 0.309966
v -0.752012 7.110253 0.470849
v -0.864297 7.091146 0.410634
v -0.824727 7.228562 0.382694
v -0.723781 7.217272 0.449096
v -0.943439 7.087950 0.566324
v -0.951607 7.169183 0.414227
v -1.039829 7.006754 0.516606
v -0.995154 7.000997 0.415333
v -1.053303 7.083528 0.386462
v -1.097293 7.090291 0.488121
v -1.142766 6.920724 0.475901
v -1.095137 6.915817 0.380505
v -1.150745 7.001737 0.349050
v -1.198376 7.006643 0.444446
v -1.354058 6.774149 0.295008
v -1.274539 6.791646 0.225988
v -1.310616 6.891287 0.210689
v -1.390134 6.873791 0.279709
v -1.442185 6.727553 0.171640
v -1.359696 6.746900 0.105853
v -1.393954 6.847674 0.092535
v -1.476442 6.828328 0.158322
v 0.242796 7.820496 0.217603
v 0.182364 7.831128 0.248912
v 0.201250 7.895896 0.262332
v 0.261907 7.885657 0.231563
v 0.296096 7.778493 0.308288
v 0.229203 7.790654 0.348346
v 0.249612 7.857354 0.363710
v 0.326795 7.860461 0.318812
v 0.363333 7.795035 0.309048
v 0.409809 7.783390 0.373067
v 0.390596 7.846822 0.410201
v 0.434712 7.831696 0.261879
v 0.473127 7.822212 0.316581
v 0.458481 7.885889 0.337924
v 0.419842 7.894980 0.282683
v 0.603289 7.876285 0.242733
v 0.578084 7.851440 0.299927
v 0.563966 7.915412 0.321521
v 0.589171 7.940256 0.264327
v 0.671644 7.878237 0.281501
v 0.639858 7.852489 0.337041
v 0.625784 7.916467 0.358646
v 0.657570 7.942215 0.303106
v 0.032026 8.163141 -0.435589
v 0.067972 8.141055 -0.330698
v 0.013009 8.280515 -0.418090
v 0.120536 8.198796 -0.471286
v 0.168017 8.186313 -0.364710
v 0.143000 8.302524 -0.355937
v 0.079246 8.301647 -0.440176
v 0.106776 8.304419 -0.533759
v 0.199852 8.295439 -0.573633
v 0.245613 8.368868 -0.513634
v 0.133417 8.376171 -0.467117
v 0.082793 8.382692 -0.604124
v 0.157629 8.367372 -0.639657
v 0.191643 8.430089 -0.594015
v 0.116807 8.445410 -0.558482
v 0.104524 8.524607 -0.763956
v 0.167641 8.485829 -0.766057
v 0.196459 8.530737 -0.714000
v 0.133342 8.569515 -0.711898
v 0.143653 8.580754 -0.829693
v 0.203851 8.540725 -0.828845
v 0.231383 8.583223 -0.777243
v 0.171185 8.623252 -0.778091
v 0.180622 8.633025 -0.890891
v 0.238948 8.594240 -0.890069
v 0.265624 8.635417 -0.840072
v 0.207297 8.674201 -0.840894
v 0.929469 8.433625 -0.460599
v 0.971888 8.415938 -0.363101
v 0.956106 8.529839 -0.364932
v 0.920804 8.527282 -0.460556
v 1.089513 8.393174 -0.422774
v 1.037367 8.469874 -0.332125
v 1.115702 8.456169 -0.373313
v 1.106641 8.341629 -0.347195
v 1.040965 8.356600 -0.314856
v 1.071461 8.412672 -0.280630
v 1.136111 8.398479 -0.312017
v 1.082946 8.256637 -0.208993
v 1.035980 8.291676 -0.218270
v 1.058265 8.332452 -0.180065
v 1.105232 8.297414 -0.170788
v 1.045098 8.233631 -0.158923
v 1.005103 8.266837 -0.170641
v 1.024417 8.302351 -0.135923
v 1.064412 8.269144 -0.124206
v 1.012659 8.214368 -0.116535
v 0.977201 8.243810 -0.126924
v 0.994324 8.275295 -0.096144
v 1.029783 8.245853 -0.085755
v -0.114661 8.646347 -0.162313
v -0.029000 8.633141 -0.143475
v -0.061807 8.495117 -0.117595
v -0.135880 8.507715 -0.137923
v -0.139567 8.562248 -0.081208
v -0.065013 8.549568 -0.062349
v -0.091660 8.417715 -0.045308
v -0.163465 8.434870 -0.066431
v -0.169339 8.486888 -0.009092
v -0.097533 8.469732 0.012031
v -0.227852 8.275877 0.010531
v -0.260656 8.334136 -0.027234
v -0.287883 8.363647 0.039217
v -0.255079 8.305390 0.076983
v -0.325784 8.218878 -0.009675
v -0.353776 8.280924 -0.047770
v -0.383637 8.308362 0.018862
v -0.355645 8.246317 0.056957
v -0.003689 4.779660 0.140950
v 0.044865 5.011971 0.160751
v 0.246620 5.012866 0.018622
v 0.302804 4.711500 0.263035
v 0.130359 4.742872 0.351457
v 0.176168 4.948260 0.375317
v 0.387514 4.922885 0.283125
v 0.513791 4.876859 0.510096
v 0.389773 4.991124 0.559659
v 0.312770 5.015356 0.397725
v 0.525463 5.053396 0.321229
v 0.584558 5.041603 0.460176
v 0.472879 5.121380 0.512579
v 0.415984 5.131626 0.375169
v 0.615330 5.189786 0.304152
v 0.662713 5.173565 0.433423
v 0.556275 5.250575 0.482402
v 0.508893 5.266797 0.353131
v 1.068948 5.563601 0.633238
v 1.005305 5.563950 0.706514
v 0.987558 5.656620 0.669541
v 1.066292 5.655532 0.625636
v 1.157024 5.626295 0.719508
v 1.100996 5.635832 0.780321
v 1.077053 5.708212 0.746909
v 1.133081 5.698673 0.686096
v 1.237070 5.680305 0.782786
v 1.179077 5.690178 0.845731
v 1.154295 5.765096 0.811148
v 1.212288 5.755222 0.748202
v 0.835273 5.436253 0.403827
v 0.823786 5.370523 0.490770
v 0.744589 5.436050 0.530565
v 0.757392 5.501756 0.443052
v 0.947711 5.513147 0.493651
v 0.932783 5.455212 0.582717
v 0.860973 5.526701 0.614503
v 0.881085 5.584840 0.502810
v 0.988422 5.590838 0.481603
v 1.026167 5.656971 0.553015
v 0.926608 5.663213 0.562265
v 0.912100 5.668449 0.415150
v 0.989943 5.655507 0.401266
v 1.008602 5.718523 0.443357
v 0.932076 5.731441 0.456672
v 0.909542 5.732882 0.320219
v 0.985509 5.719957 0.307172
v 1.003533 5.783068 0.349604
v 0.927567 5.795991 0.362651
v 0.904345 5.797436 0.226319
v 0.980411 5.784495 0.213255
v 0.998458 5.847687 0.255741
v 0.922393 5.860629 0.268805
v -0.240059 3.609179 -0.316807
v 0.006569 8.625314 -0.199920
v -0.107209 3.685268 0.037880
v 0.069222 3.601401 -0.432520
v 0.200401 3.663908 -0.099135
v 0.912458 5.880498 0.171401
v 0.115533 4.011832 -0.007111
v 0.001860 4.325324 0.009651
v 1.271970 5.733192 0.865606
v -0.188823 4.054616 -0.078214
v -0.186143 4.370755 -0.222312
v 1.233181 5.772925 0.878897
v -0.158810 4.234763 -0.507381
v -0.226400 3.915867 -0.348855
v -0.109487 3.815449 -0.505693
v 0.049455 4.008477 -0.629597
v 1.248744 5.803407 0.833194
v 0.201035 3.878428 -0.478009
v 0.235771 4.159365 -0.545839
v 0.247402 4.003824 -0.340756
v 0.216019 4.322189 -0.208968
v -0.001121 8.771436 -0.224527
v 1.287533 5.763671 0.819903
v -0.032902 8.708261 -0.178099
v 0.019581 8.686000 -0.264184
v -0.418996 8.205892 -0.042191
v 0.002162 8.760792 -0.309006
v 0.096679 7.749088 -0.288327
v 0.024748 7.674272 -0.240098
v -0.078294 8.776377 -0.221329
v -0.077447 8.652560 -0.138981
v -0.445446 8.246802 -0.029145
v -0.110920 8.701393 -0.214167
v -0.446300 8.230982 0.018734
v -0.018122 8.582157 -0.158020
v 0.006810 8.556313 -0.221551
v -0.048605 8.615134 -0.340529
v -0.004418 8.633628 -0.321869
v -0.005583 8.572883 -0.318746
v -0.029965 8.708411 -0.358264
v -0.103838 7.654600 -0.303846
v -0.097725 8.656539 -0.352060
v -0.036265 7.620701 -0.276004
v -0.133761 8.712874 -0.299892
v -0.419851 8.190072 0.005687
v -0.119687 8.634328 -0.284432
v -0.128387 8.617748 -0.198475
v -0.093907 7.556445 -0.320015
v -0.085909 8.575073 -0.306254
v 0.972659 8.214148 -0.088059
v 0.257728 5.836496 -0.234352
v 0.039138 7.846520 -0.285592
v -0.059317 7.772191 -0.247733
v -0.101556 7.856832 -0.323832
v 0.965007 8.239572 -0.079549
v -0.134893 7.727840 -0.387843
v 0.014018 7.576504 -0.475625
v 0.212172 5.658162 -0.192618
v -0.114364 7.576821 -0.458076
v 0.029945 7.559317 -0.335029
v 0.986951 8.240426 -0.062369
v 0.071036 7.651587 -0.332654
v 0.994602 8.214999 -0.070879
v 0.063988 7.724088 -0.413814
v 0.074373 7.819367 -0.347503
v 0.025043 7.886722 -0.333262
v 0.173428 5.774932 -0.114823
v 0.010617 7.864867 -0.456550
v -0.106624 7.863926 -0.446736
v -0.053061 7.720580 -0.490472
v 0.239344 8.657104 -0.936829
v 0.160312 5.511084 -0.219428
v 0.277320 8.658175 -0.914125
v 0.086784 5.613011 -0.364354
v 0.185066 5.702856 -0.357437
v -0.176574 7.350624 -0.329164
v 0.263180 8.693898 -0.892155
v 0.096622 6.027218 -0.097612
v 0.017901 5.881180 -0.418812
v 0.225204 8.692829 -0.914859
v -0.179592 6.787010 -0.484639
v -0.075446 6.844462 -0.471832
v 0.033873 5.561764 -0.020199
v -0.051137 5.807493 -0.043697
v -0.160700 5.568525 -0.139769
v -0.022196 5.508848 -0.349756
v -0.052263 5.680604 -0.370807
v 0.707529 7.869313 0.340735
v -0.106795 6.034000 -0.306445
v -0.112938 6.045054 -0.104757
v 0.686562 7.886791 0.376004
v -0.155679 5.818286 -0.235621
v -0.248193 6.693202 -0.393136
v -0.203438 6.609416 -0.327934
v 0.694660 7.927811 0.360490
v -0.174053 6.727785 -0.269157
v -0.199684 6.808650 -0.374990
v -0.129012 6.909328 -0.402698
v -0.582580 6.512063 -0.942859
v 0.018296 6.911171 -0.425409
v 0.009289 6.803758 -0.439289
v 0.084023 6.721156 -0.319463
v 0.715626 7.910333 0.325221
v 0.038270 6.554625 -0.382807
v -0.066028 6.661368 -0.493727
v -0.171160 6.567341 -0.413307
v -0.143188 6.519289 -0.349493
v -1.471403 6.705243 0.040990
v 0.071581 6.580551 -0.200885
v -0.099631 6.580679 -0.176285
v -1.449353 6.760160 0.004825
v -0.011500 6.745132 -0.179761
v -0.103267 6.892502 -0.231101
v 0.052284 6.890846 -0.254109
v -1.502727 6.797388 0.028812
v -0.476380 6.472568 -0.952752
v -1.524777 6.742471 0.064977
v -0.458868 6.478201 -0.828028
v -0.551105 6.523971 -0.824566
v -0.499064 6.573236 -0.729113
v 0.009185 6.533304 -1.561546
v -0.538190 6.616024 -0.818567
v -0.615234 6.587755 -0.879314
v -0.547347 6.632011 -0.915215
v 0.037816 6.566344 -1.523425
v -0.454238 6.612156 -0.889136
v -0.399163 6.576838 -0.883122
v -0.431723 6.591301 -0.951375
v -0.154412 7.304284 -0.400412
v -0.387610 6.515223 -0.923560
v 0.009914 6.613233 -1.543109
v -0.398568 6.485923 -0.840258
v -0.415535 6.489655 -0.745586
v -0.222548 7.191891 -0.317698
v -0.371071 6.547656 -0.809171
v -0.446903 6.629914 -0.789957
v -0.131684 7.397885 -0.430679
v -0.109947 7.411933 -0.302845
v -0.091800 8.317544 -0.360177
v 0.028673 7.393359 -0.325221
v 0.015747 7.359673 -0.460627
v 0.055633 7.248683 -0.376012
v -0.018716 6.580194 -1.581230
v 0.025381 7.091956 -0.426371
v -0.059797 7.214752 -0.459753
v -0.134104 7.087488 -0.401198
v 0.010731 8.298792 -0.264114
v 0.153400 5.045442 0.116972
v -0.086205 7.164672 -0.175211
v 0.001436 8.345227 -0.360241
v -0.183964 7.294797 -0.217223
v -0.064160 7.329614 -0.245407
v 0.318787 5.736054 -1.154465
v 0.399604 5.792624 -1.179006
v -0.002130 7.198657 -0.259415
v 0.014326 7.082289 -0.259849
v -0.084785 8.299044 -0.266532
v 0.339124 5.873229 -1.192373
v -0.035388 8.180438 -0.262141
v 0.026448 8.110198 -0.293218
v 0.258307 5.816660 -1.167832
v 0.063511 8.218004 -0.304022
v 0.057700 8.135534 -0.393012
v -0.526125 4.226594 -1.093672
v 0.014362 8.222356 -0.442341
v 0.028572 8.306995 -0.374160
v -0.015624 8.290643 -0.412123
v -0.555276 4.292108 -1.152832
v -0.054506 8.208020 -0.424807
v -0.559288 4.353363 -1.083022
v -0.099445 8.075835 -0.412616
v -0.114593 8.188885 -0.334083
v -0.091542 8.055086 -0.306511
v 0.188869 5.140997 -0.021930
v 0.013875 8.045794 -0.423344
v 0.022180 8.022912 -0.320977
v 0.050503 8.084474 -0.353561
v -0.530137 4.287849 -1.023863
v -0.001549 8.136396 -0.439777
v 0.036869 5.242397 0.013167
v -0.027815 5.076149 0.086448
v 0.210185 4.408994 -2.273356
v -0.014589 4.901063 0.166206
v 0.075555 4.715006 0.091005
v 0.274165 4.454382 -2.271677
v 0.256255 4.859160 -0.016070
v 0.178486 5.252337 -0.172004
v 0.213069 5.075219 -0.159402
v 0.198484 4.714373 -0.204647
v 0.228872 4.518358 -2.275151
v 0.116879 4.949302 -0.323969
v -0.027372 5.196509 -0.344836
v -0.177998 5.191310 -0.148233
v -0.054174 4.540818 -1.184245
v 0.164892 4.472969 -2.276830
v -0.148278 4.948330 -0.004524
v -0.068601 4.773823 0.080080
v 0.018135 4.655449 0.024219
v 0.182624 5.921527 -0.561065
v -0.019848 4.734423 -0.378823
v 0.288466 4.794937 1.654220
v -0.151165 4.963549 -0.293447
v -0.185950 4.729035 -0.162336
v 0.066304 4.567933 -1.236606
v 0.007538 4.540026 -1.332339
v 0.062266 4.490392 -1.452165
v 0.248355 4.862990 1.596881
v 0.044638 4.392351 -1.383228
v -0.054619 4.437653 -1.309252
v 0.006517 4.314564 -1.197022
v 0.322625 4.923237 1.616432
v 0.122349 4.284627 -1.087629
v 0.268288 4.388353 -1.046685
v 0.288289 6.042188 -0.447600
v 0.144965 4.528650 -1.029072
v 0.362735 4.855185 1.673772
v -0.981559 7.126114 0.584750
v 0.190761 4.575434 -1.403199
v 0.254891 4.511392 -1.213633
v 0.281638 4.451748 -1.400449
v 0.146524 4.373177 -1.453302
v 0.118206 4.342178 -1.336223
v 0.228187 4.346096 -1.234176
v -0.186810 8.716582 -0.773491
v 0.356268 6.068019 -0.633671
v -0.145308 8.744497 -0.779945
v 0.265066 6.005688 -0.677983
v 0.253561 5.914083 -0.774726
v -0.173563 8.782488 -0.797317
v 0.254851 5.837679 -0.651533
v 0.393000 5.908453 -0.398145
v 0.289649 5.784353 -0.513757
v 0.346919 5.790256 -0.749615
v -0.215065 8.754571 -0.790863
v 0.418531 5.804413 -0.621612
v 0.500285 5.880722 -0.568975
v 1.455711 8.388878 -0.697726
v 0.588788 5.996385 -0.625349
v 0.462691 6.030015 -0.509398
v 0.510808 6.097691 -0.662286
v 0.375844 6.001852 -0.816431
v 0.461649 6.045557 -0.776215
v -0.959113 7.178060 0.654228
v -0.906718 7.124107 0.607903
v 0.480889 5.862833 -0.785845
v 1.474917 8.406547 -0.683627
v 0.553734 5.925476 -0.735991
v 0.228067 7.824940 0.362492
v -0.984572 7.264719 0.574938
v 1.468475 8.428560 -0.702437
v -0.986497 7.190954 0.477836
v 0.256056 7.772990 0.328092
v -0.914896 7.131025 0.395577
v -0.902481 7.072272 0.505359
v -0.801466 7.085090 0.448488
v 1.449268 8.410892 -0.716537
v -0.814261 7.142092 0.568984
v -0.892097 7.319317 0.616953
v -0.853075 7.237764 0.672396
v -1.515599 7.163592 1.267595
v -0.788864 7.254993 0.550355
v -1.552884 7.217280 1.244416
v -0.763051 7.243309 0.414236
v -0.884661 7.275299 0.486926
v -0.897995 7.208055 0.407691
v -0.839223 7.161801 0.364500
v 0.234272 8.330814 -0.559120
v -0.722088 7.163279 0.470408
v -1.523571 7.258226 1.292105
v 0.263052 7.761522 0.420148
v 0.296106 7.767219 0.506088
v -1.486286 7.204536 1.315284
v 0.283424 7.831945 0.431662
v 0.308007 7.819592 0.294884
v 0.285606 7.870394 0.347822
v 0.350219 7.835867 0.454143
v 0.017495 0.111992 0.118700
v 0.359483 7.867287 0.370845
v 0.346540 7.825768 0.303729
v 0.334303 7.780705 0.316855
v -0.104238 0.100414 -0.211123
v 0.327659 7.743956 0.378202
v 0.324131 7.714920 0.471890
v 0.394383 7.752311 0.475000
v 0.367298 7.801117 0.510368
v -0.433753 0.124241 -0.090341
v 0.389971 7.812254 0.454044
v 0.413237 7.812615 0.397226
v 0.294518 8.339623 -0.510727
v 0.388378 7.778121 0.337666
v -0.312020 0.135820 0.239482
v 0.385702 7.755980 0.405863
v 0.338283 8.275501 -0.528454
v 0.244406 8.254906 -0.545020
v 0.213113 8.197870 -0.491323
v -1.136612 7.033970 -1.362581
v 0.119393 8.253947 -0.507238
v 0.147998 8.286062 -0.561442
v 1.126401 8.428634 -0.483362
v 0.102323 8.342880 -0.502488
v 0.193742 8.387672 -0.480456
v -1.094057 7.068470 -1.381642
v 0.277831 8.355086 -0.447977
v 0.345983 8.340631 -0.458166
v 0.336016 8.259539 -0.376062
v 1.078043 8.408971 -0.468368
v 0.333370 8.190667 -0.449565
v 0.249121 8.198004 -0.381584
v -1.091769 7.094312 -1.329762
v 0.152498 8.170173 -0.416017
v 0.164992 8.237862 -0.340769
v 0.096157 8.316654 -0.395252
v 1.117219 8.420444 -0.439569
v 0.082037 8.255400 -0.467675
v -1.134324 7.059811 -1.310701
v 0.103651 8.333845 -0.451042
v 0.149448 8.348820 -0.407468
v 0.234499 8.310102 -0.372881
v 1.311491 6.580101 -1.085762
v 1.308229 6.592318 -1.034767
v 1.007449 8.437467 -0.487903
v 0.919973 8.481047 -0.476152
v 1.270894 6.627655 -1.045621
v 1.006502 8.527795 -0.486253
v 1.081950 8.488736 -0.525537
v 0.120248 4.843437 0.380053
v 1.117934 8.422249 -0.398281
v 1.274157 6.615438 -1.096616
v 1.100330 8.541698 -0.471878
v 1.144002 8.475908 -0.432109
v 1.111871 8.489082 -0.396701
v 1.081647 8.473959 -0.347724
v 0.206747 4.693141 0.302938
v 1.003759 8.446014 -0.336236
v 1.032383 8.388387 -0.403067
v 0.946696 8.410532 -0.418863
v 0.946532 8.479039 -0.345248
v 1.019145 5.617383 0.507227
v 0.933310 8.546082 -0.416489
v 0.407765 7.661252 0.646433
v 1.041990 8.534726 -0.400167
v 0.389370 7.695168 0.668800
v 1.009787 8.502418 -0.349348
v 0.425876 7.719741 0.661561
v 0.215290 4.707340 0.514354
v 0.289637 4.761784 0.706769
v 0.444271 7.685825 0.639194
v 0.238343 4.902740 0.543113
v 0.344211 4.987313 0.331006
v 0.260593 4.966556 0.297605
v 0.252178 4.982720 0.406297
v 0.368365 4.797913 0.256832
v 0.359314 4.935096 0.611940
v 0.012144 9.384158 -0.340934
v 0.330655 5.015752 0.489830
v 0.480209 4.879216 0.391489
v 0.031783 9.379914 -0.340260
v 0.496959 4.757561 0.521494
v 0.378690 4.681403 0.423245
v 0.370200 4.624788 0.635109
v 0.533808 4.726432 0.641275
v 0.978910 5.681275 0.554935
v 0.454590 4.857249 0.703388
v 0.031254 9.380653 -0.320177
v 0.939007 5.845660 0.145981
v 0.465140 4.945960 0.562675
v 0.511571 4.840019 0.593430
v 0.949837 5.657644 0.617010
v 1.006314 5.668119 0.610088
v 1.035761 5.671169 0.645983
v 1.048005 5.652114 0.595579
v 1.084568 5.620091 0.628337
v 1.052173 5.605627 0.580950
v 0.011614 9.384894 -0.320850
v 0.907097 5.544350 0.480500
v 0.941928 5.585477 0.479503
v 0.978602 5.557324 0.496894
v 0.893520 5.631813 0.531569
v 1.011432 5.533785 0.556056
v 0.845646 5.554066 0.556701
v 0.888666 5.601757 0.594520
v 0.921352 5.595980 0.654228
v 1.051725 5.555153 0.687426
v 0.982074 5.868655 0.159445
v 0.993149 5.614384 0.709858
v 0.930670 5.539113 0.669011
v 0.969967 5.503328 0.651119
v 1.005043 5.500809 0.610442
v 0.942204 5.467363 0.527072
v 0.881782 5.467159 0.603864
v 0.955524 5.903494 0.184865
v -0.096268 8.823750 -0.279172
v -0.079205 8.864212 -0.321201
v -0.036672 8.814300 -0.331192
v -0.077937 8.786227 -0.327075
v -0.003756 8.865868 -0.319556
v 0.014259 8.824197 -0.273062
v -0.005693 8.880699 -0.245101
v -0.042074 8.834291 -0.219153
v -0.081143 8.879043 -0.246746
v -0.099356 8.918911 -0.292601
v -0.082871 8.960690 -0.339183
v -0.043517 8.909361 -0.346182
v -0.007110 8.961021 -0.338470
v 0.010846 8.921254 -0.291650
v -0.007973 8.974877 -0.263946
v -0.044926 8.930794 -0.237970
v -0.083734 8.974547 -0.264659
v -0.100733 9.017783 -0.311648
v -0.079118 9.064334 -0.355186
v -0.045278 9.007266 -0.364985
v -0.006371 9.057787 -0.353514
v 0.008796 9.013770 -0.309925
v -0.007473 9.066511 -0.280897
v -0.046659 9.024287 -0.256587
v -0.080221 9.073057 -0.282569
v -0.036074 8.379790 -0.234598
v -0.079316 8.448528 -0.241532
v -0.105904 8.393522 -0.294867
v -0.086654 8.465038 -0.325661
v -0.045836 8.405993 -0.363554
v -0.000648 8.463589 -0.332160
v 0.024694 8.388070 -0.299640
v 0.006690 8.447080 -0.248031
v -0.031594 8.501301 -0.216761
v -0.077360 8.537224 -0.208865
v -0.100852 8.514177 -0.266609
v -0.044628 8.525700 -0.336197
v 0.022062 8.516024 -0.281574
v -0.137527 7.479268 -0.383117
v -0.056460 7.462975 -0.492275
v 0.054345 7.474667 -0.411465
v -0.029301 7.487113 -0.303391
v -0.108925 5.376787 -0.030778
v -0.144816 5.379451 -0.277135
v 0.099162 5.376191 -0.309687
v 0.135095 5.382994 -0.067821
v -0.084119 9.123972 -0.323384
v -0.054791 9.168902 -0.355287
v -0.034499 9.112846 -0.371063
v 0.005176 9.157482 -0.353348
v 0.013221 9.109910 -0.320600
v 0.003723 9.160731 -0.292338
v -0.036400 9.121036 -0.272922
v -0.056244 9.172151 -0.294277
v -0.056490 9.212306 -0.326366
v -0.034115 9.240904 -0.352249
v -0.015996 9.202355 -0.365333
v 0.015496 9.230186 -0.350548
v 0.022402 9.195543 -0.323682
v 0.014158 9.232049 -0.299817
v -0.018093 9.205499 -0.284715
v -0.035452 9.242766 -0.301518
v -0.036640 9.273066 -0.328079
v -0.017846 9.297110 -0.349763
v -0.002695 9.264684 -0.360747
v 0.023723 9.288131 -0.348338
v 0.029468 9.258784 -0.325812
v 0.022602 9.289691 -0.305831
v -0.004477 9.267165 -0.293144
v -0.018966 9.298671 -0.307256
v -0.019537 9.325356 -0.329548
v -0.003323 9.347281 -0.347544
v 0.008765 9.318367 -0.356785
v 0.031067 9.339853 -0.346365
v 0.035582 9.313451 -0.327658
v 0.030140 9.341146 -0.311199
v 0.007280 9.320437 -0.300420
v -0.004250 9.348573 -0.312378
v -0.003577 9.371347 -0.330816
v 0.018863 9.365808 -0.352411
v 0.040125 9.361907 -0.329317
v 0.017685 9.367448 -0.307722
v 0.090194 7.719728 -0.203933
v 0.061954 7.732752 -0.124342
v -0.008841 7.735168 -0.172136
v 0.002755 7.808033 -0.125618
v -0.000588 7.840819 -0.207447
v 0.069881 7.861259 -0.168619
v 0.096424 7.820798 -0.237244
v 0.129080 7.785979 -0.167343
v 0.127933 7.762956 -0.090703
v 0.103742 7.773993 -0.019448
v 0.040677 7.777828 -0.061758
v 0.050289 7.840790 -0.020211
v 0.045745 7.865896 -0.091955
v 0.110202 7.888297 -0.058592
v 0.132938 7.850984 -0.120861
v 0.163656 7.821501 -0.057829
v 0.162952 7.801369 0.011458
v 0.141341 7.811674 0.074889
v 0.085198 7.814622 0.037390
v 0.094987 7.871471 0.077092
v 0.089797 7.893123 0.010934
v 0.148910 7.913939 0.044568
v 0.167550 7.879869 -0.014998
v 0.195264 7.854140 0.042365
v 0.193382 7.835039 0.100730
v 0.173998 7.835174 0.154661
v 0.125453 7.847170 0.126572
v 0.138294 7.890141 0.171269
v 0.133552 7.918158 0.112885
v 0.190260 7.929010 0.150084
v 0.201481 7.906027 0.087044
v 0.225964 7.874042 0.133476
v 0.384376 7.699471 0.515002
v 0.370556 7.674574 0.573229
v 0.323117 7.709839 0.547615
v 0.342894 7.725577 0.606864
v 0.343831 7.774498 0.564446
v 0.397792 7.762531 0.595978
v 0.404934 7.763433 0.533842
v 0.425454 7.711527 0.562343
v 0.422430 7.666720 0.601575
v 0.364957 7.676500 0.632567
v 0.383917 7.737729 0.648403
v 0.441389 7.727948 0.617410
v -0.155620 6.199599 -0.201107
v -0.123920 6.309533 -0.314672
v -0.020926 6.175911 -0.356111
v 0.063245 6.305173 -0.339369
v 0.138092 6.183125 -0.230013
v 0.124033 6.072006 -0.324154
v 0.087972 6.331058 -0.155811
v 0.001641 6.215389 -0.078583
v -0.099194 6.335416 -0.131115
v -0.154267 6.437340 -0.235727
v -0.046907 6.423679 -0.389490
v 0.106138 6.437354 -0.272682
v -0.003444 6.455016 -0.125108
v -0.261212 6.602441 -0.445613
v -0.254586 6.553285 -0.535217
v -0.152469 6.575346 -0.522275
v -0.196046 6.623852 -0.616462
v -0.167454 6.714783 -0.569713
v -0.271665 6.719163 -0.590643
v -0.273722 6.732352 -0.488562
v -0.330205 6.648596 -0.509397
v -0.349587 6.567126 -0.559214
v -0.345559 6.521855 -0.640147
v -0.257680 6.551222 -0.633739
v -0.293034 6.585171 -0.713044
v -0.268919 6.664367 -0.671171
v -0.360024 6.668830 -0.688648
v -0.360739 6.680083 -0.596520
v -0.412548 6.605514 -0.615751
v -0.431373 6.531720 -0.664029
v -0.347062 6.517999 -0.729426
v -0.358172 6.619926 -0.764137
v -0.441681 6.634222 -0.696207
v -0.662024 6.566149 -0.958457
v -0.670463 6.572246 -1.038111
v -0.590228 6.546602 -1.021574
v -0.600939 6.618021 -1.063161
v -0.559915 6.629773 -1.000837
v -0.521550 6.555626 -1.009336
v -0.625042 6.682338 -1.006998
v -0.630176 6.646822 -0.936786
v -0.694566 6.636563 -0.981948
v -0.732697 6.621899 -1.048569
v -0.740216 6.629367 -1.127152
v -0.665673 6.610396 -1.107320
v -0.671202 6.676676 -1.151747
v -0.631750 6.690029 -1.083933
v -0.691905 6.737530 -1.093300
v -0.698660 6.701485 -1.025090
v -0.760919 6.690221 -1.068705
v -0.799757 6.676414 -1.134681
v -0.815167 6.692842 -1.211062
v -0.738393 6.669930 -1.199049
v -0.748351 6.742086 -1.237765
v -0.700709 6.746386 -1.171823
v -0.758481 6.793633 -1.169182
v -0.762072 6.752868 -1.107455
v -0.825297 6.744389 -1.142479
v 0.560660 5.996726 -0.828113
v 0.654228 5.986897 -0.834908
v 0.646110 5.973954 -0.738166
v 0.701378 6.048898 -0.759662
v 0.631499 6.088086 -0.702125
v 0.637190 6.132267 -0.790210
v 0.544196 6.106346 -0.786493
v 0.590039 6.070266 -0.865456
v 0.658935 6.034121 -0.908038
v 0.742967 6.032369 -0.920817
v 0.734127 6.020843 -0.836992
v 0.780753 6.085513 -0.854480
v 0.722826 6.119942 -0.807021
v 0.725045 6.156348 -0.879969
v 0.647555 6.133009 -0.878007
v 0.687260 6.103205 -0.946306
v 0.755381 6.079555 -0.988795
v 0.834598 6.088542 -0.996111
v 0.814276 6.065385 -0.924113
v 0.850602 6.124290 -0.926676
v 0.795684 6.144906 -0.891716
v 0.797994 6.183247 -0.945888
v 0.736789 6.159076 -0.956398
v 0.781990 6.147498 -1.015323
v 0.853030 6.149923 -1.040759
v 0.926444 6.172213 -1.025813
v 0.896172 6.129349 -0.975160
v 0.924854 6.193408 -0.950396
v 0.861151 6.189559 -0.934920
v 0.869538 6.247253 -0.967034
v 0.818009 6.210134 -1.000520
v 0.871127 6.226058 -1.042451
v 0.942175 6.237131 -1.059288
v 1.010350 6.256009 -1.041022
v 0.979665 6.212038 -0.991733
v 1.005445 6.274380 -0.964336
v 0.935642 6.264366 -0.947975
v 0.949302 6.327521 -0.980658
v 0.898152 6.289461 -1.015531
v 0.954207 6.309149 -1.057344
v 1.024311 6.319419 -1.073820
v 1.092186 6.338040 -1.055439
v 1.061575 6.294133 -1.006178
v 1.087280 6.356412 -0.978753
v 1.017176 6.346141 -0.962276
v 1.031137 6.409553 -0.995074
v 0.979913 6.371429 -1.029919
v 1.036043 6.391181 -1.071761
v 1.106147 6.401451 -1.088237
v 1.174021 6.420072 -1.069855
v 1.143411 6.376165 -1.020594
v 1.169116 6.438443 -0.993169
v 1.099012 6.428173 -0.976693
v 1.112973 6.491583 -1.009491
v 1.061748 6.453459 -1.044335
v 1.117878 6.473212 -1.086177
v 1.187983 6.483482 -1.102653
v 1.255857 6.502104 -1.084272
v 1.225246 6.458196 -1.035011
v 1.250951 6.520475 -1.007585
v 1.180847 6.510204 -0.991109
v 1.194808 6.573616 -1.023907
v 1.143583 6.535491 -1.058752
v 1.199714 6.555244 -1.100594
v 1.267077 6.563493 -1.114225
v 1.302744 6.539289 -1.049480
v 1.260247 6.589070 -1.007458
v 1.224579 6.613274 -1.072204
v -0.875071 6.744844 -1.196586
v -0.903294 6.777524 -1.261288
v -0.824741 6.748371 -1.270106
v -0.838822 6.828952 -1.289650
v -0.779822 6.818264 -1.236879
v -0.837681 6.869994 -1.213085
v -0.830152 6.814737 -1.163359
v -0.902153 6.818565 -1.184723
v -0.960516 6.828919 -1.235796
v -0.991093 6.864092 -1.300720
v -0.916224 6.838151 -1.313223
v -0.927099 6.915975 -1.329384
v -0.867347 6.904302 -1.277434
v -0.923658 6.954833 -1.251367
v -0.911639 6.895071 -1.200007
v -0.987652 6.902952 -1.222702
v -1.047361 6.914583 -1.274625
v -1.077982 6.949796 -1.339577
v -1.003322 6.924054 -1.352212
v -1.013987 7.001679 -1.368241
v -0.954279 6.990048 -1.316319
v -1.010547 7.040538 -1.290223
v -0.998318 6.980576 -1.238732
v -1.074541 6.988656 -1.261559
v -1.129508 6.999191 -1.313145
v -1.087355 7.008257 -1.387409
v -1.040411 7.071424 -1.353053
v -1.082564 7.062359 -1.278789
v -0.528637 0.439046 0.121207
v -0.490090 0.807598 -0.170014
v -0.316740 0.402939 -0.338320
v -0.026232 0.774056 -0.340040
v 0.143441 0.390447 -0.125140
v 0.145131 0.790356 0.124253
v -0.068455 0.426555 0.334387
v -0.318727 0.823898 0.294278
v -0.477337 1.182307 0.076180
v -0.430166 1.487421 -0.195800
v -0.273220 1.147525 -0.366478
v -0.001788 1.456444 -0.352820
v 0.170069 1.135492 -0.161124
v 0.156467 1.471497 0.075959
v -0.034048 1.170274 0.281534
v -0.271911 1.502474 0.232979
v -0.421293 1.801392 0.033761
v -0.378496 2.073607 -0.218034
v -0.232019 1.769139 -0.376706
v 0.019288 2.044843 -0.363840
v 0.179033 1.757981 -0.186286
v 0.166242 2.058821 0.034317
v -0.010241 1.790234 0.224182
v -0.231543 2.087585 0.180123
v -0.370505 2.362402 -0.004678
v -0.330642 2.616502 -0.238625
v -0.194683 2.332442 -0.385975
v 0.038809 2.589786 -0.374046
v 0.187157 2.322077 -0.209087
v 0.175295 2.602768 -0.004250
v 0.011334 2.352038 0.172209
v -0.194156 2.629483 0.131171
v -0.322875 2.888539 -0.040729
v -0.285366 3.130143 -0.258107
v -0.159668 2.860728 -0.394667
v 0.057277 3.105366 -0.383702
v 0.194775 2.851107 -0.230471
v 0.183860 3.117406 -0.040738
v 0.031567 2.878918 0.123467
v -0.158784 3.142183 0.084856
v -0.277889 3.396144 -0.078150
v -0.126806 3.362571 -0.407032
v 0.204227 3.361643 -0.256809
v 0.052795 3.387068 0.075362
v -0.156988 6.996836 -0.316798
v -0.051249 6.985581 -0.440062
v 0.069518 6.994627 -0.347808
v -0.037381 7.003867 -0.221981
v -0.151707 7.063935 -0.238140
v -0.168294 7.100444 -0.148415
v -0.283264 7.073037 -0.146943
v -0.265262 7.110113 -0.242176
v -0.352171 7.167981 -0.190521
v -0.282853 7.246769 -0.216138
v -0.298879 7.244161 -0.109345
v -0.189377 7.231255 -0.121340
v -0.229972 7.149217 -0.065767
v -0.303032 7.076559 -0.045788
v -0.399669 7.049072 -0.044411
v -0.388577 7.090825 -0.134273
v -0.461521 7.139450 -0.085750
v -0.396197 7.211645 -0.107605
v -0.409286 7.210436 -0.008712
v -0.310789 7.197222 -0.019078
v -0.347434 7.120059 0.032627
v -0.414144 7.051825 0.051836
v -0.507683 7.025534 0.056046
v -0.494948 7.065518 -0.031700
v -0.564717 7.111048 0.015532
v -0.501345 7.179637 -0.006881
v -0.512352 7.178403 0.085158
v -0.420541 7.165943 0.076655
v -0.455318 7.092889 0.125671
v -0.522833 7.029264 0.149529
v -0.617198 7.013929 0.167591
v -0.602732 7.041917 0.074286
v -0.664681 7.095569 0.121491
v -0.599183 7.150578 0.087617
v -0.600022 7.160122 0.171595
v -0.519284 7.137925 0.162860
v -0.552539 7.078482 0.217695
v -0.935876 7.219622 0.746290
v -1.022815 7.232443 0.778552
v -1.026373 7.235086 0.673784
v -1.062932 7.312563 0.725411
v -0.992012 7.337257 0.665684
v -0.984888 7.372651 0.761686
v -0.904669 7.322085 0.730381
v -0.944771 7.292532 0.814826
v -1.012292 7.264699 0.867847
v -1.096144 7.262124 0.886416
v -1.095718 7.278567 0.801627
v -1.143097 7.343555 0.841892
v -1.074764 7.382308 0.795955
v -1.079832 7.406590 0.893264
v -0.991374 7.368457 0.861899
v -1.032880 7.325157 0.937788
v -1.102885 7.269083 0.972496
v -1.193324 7.240437 0.978793
v -1.179611 7.282540 0.898978
v -1.247834 7.321389 0.942355
v -1.177396 7.387388 0.914574
v -1.200471 7.383415 1.010740
v -1.100670 7.373931 0.988093
v -1.145961 7.302463 1.047179
v -1.213786 7.235180 1.071082
v -1.305953 7.204754 1.077980
v -1.286779 7.249096 0.993735
v -1.362022 7.285492 1.043123
v -1.295057 7.352656 1.020094
v -1.317940 7.347065 1.114837
v -1.222064 7.338739 1.097440
v -1.261871 7.266327 1.149694
v -1.328694 7.199183 1.172580
v -1.421002 7.168739 1.179622
v -1.401530 7.213121 1.095074
v -1.477070 7.249477 1.144765
v -1.410249 7.316620 1.121879
v -1.432989 7.311049 1.216479
v -1.337412 7.302683 1.199385
v -1.376920 7.230312 1.251336
v -1.441849 7.166822 1.269920
v -1.511566 7.180162 1.195734
v -1.519912 7.279228 1.221391
v -1.450194 7.265888 1.295578
v -0.038469 7.948682 -0.298104
v -0.124760 7.963028 -0.375360
v -0.049067 7.977736 -0.462114
v 0.038456 7.960948 -0.387599
v 0.416825 8.219158 -0.510101
v 0.498300 8.212673 -0.458826
v 0.419700 8.215157 -0.406608
v 0.473232 8.275180 -0.387720
v 0.402687 8.316403 -0.404855
v 0.456646 8.345355 -0.456345
v 0.402970 8.319952 -0.507501
v 0.481714 8.282846 -0.527452
v 0.564540 8.262972 -0.498759
v 0.625863 8.278262 -0.432036
v 0.550516 8.254464 -0.398061
v 0.576632 8.330940 -0.364306
v 0.507649 8.346266 -0.397737
v 0.554463 8.398843 -0.433711
v 0.521672 8.354774 -0.498435
v 0.603695 8.346167 -0.501441
v 0.681745 8.336730 -0.465261
v 0.732544 8.348924 -0.399062
v 0.660319 8.324834 -0.365886
v 0.684584 8.402229 -0.331524
v 0.605203 8.411022 -0.367725
v 0.661025 8.469474 -0.401163
v 0.626629 8.422918 -0.467100
v 0.708985 8.416167 -0.468701
v 0.776081 8.400136 -0.435286
v 0.828759 8.402384 -0.381237
v 0.768240 8.394330 -0.334991
v 0.810935 8.467086 -0.313354
v 0.724900 8.486005 -0.335513
v 0.784889 8.533700 -0.380627
v 0.732870 8.491714 -0.435927
v 0.802713 8.468997 -0.448510
v 1.142685 8.453511 -0.531639
v 1.192124 8.441919 -0.511229
v 1.170479 8.449491 -0.463527
v 1.210846 8.487516 -0.463557
v 1.168411 8.523844 -0.457358
v 1.194164 8.538900 -0.506202
v 1.141554 8.528289 -0.527104
v 1.175442 8.493304 -0.553874
v 1.211832 8.459232 -0.553732
v 1.255785 8.443583 -0.538355
v 1.239834 8.454941 -0.492291
v 1.283909 8.484301 -0.500075
v 1.245036 8.522301 -0.490568
v 1.269334 8.531379 -0.539576
v 1.217035 8.526592 -0.552009
v 1.241210 8.490663 -0.577855
v 1.271558 8.450913 -0.585446
v 1.314393 8.427485 -0.582355
v 1.305075 8.445692 -0.533918
v 1.349483 8.462202 -0.553714
v 1.318948 8.505626 -0.537495
v 1.336898 8.504775 -0.589968
v 1.285431 8.510846 -0.589024
v 1.301808 8.470057 -0.618609
v 1.327511 8.430840 -0.628100
v 1.367104 8.408988 -0.626014
v 1.361733 8.425065 -0.583852
v 1.400950 8.440127 -0.601168
v 1.378651 8.478333 -0.590035
v 1.389596 8.478919 -0.634316
v 1.344429 8.484107 -0.634282
v 1.355751 8.447782 -0.659162
v 1.378920 8.412168 -0.667557
v 1.415465 8.392086 -0.665936
v 1.410342 8.406848 -0.627241
v 1.446374 8.420523 -0.643246
v 1.425978 8.455462 -0.633012
v 1.436005 8.455946 -0.673518
v 1.394556 8.460781 -0.673329
v 1.405096 8.427510 -0.696208
v 1.426367 8.396068 -0.702649
v 1.453940 8.391398 -0.667271
v 1.467661 8.434058 -0.672335
v 1.440088 8.438727 -0.707714
v -0.144935 8.700982 -0.369817
v -0.133654 8.700096 -0.436668
v -0.075601 8.689131 -0.405982
v -0.072652 8.742019 -0.448127
v -0.058257 8.765260 -0.386691
v -0.105433 8.799898 -0.410459
v -0.125846 8.775680 -0.346142
v -0.166435 8.757977 -0.398999
v -0.183885 8.736740 -0.460805
v -0.172765 8.733991 -0.524228
v -0.115030 8.724965 -0.495321
v -0.110606 8.775919 -0.535627
v -0.093731 8.797751 -0.477561
v -0.144521 8.834831 -0.504251
v -0.162518 8.809514 -0.442947
v -0.206680 8.792902 -0.492853
v -0.222824 8.769593 -0.551396
v -0.201325 8.754997 -0.603424
v -0.150689 8.756032 -0.574331
v -0.138985 8.796853 -0.614062
v -0.132282 8.830511 -0.567508
v -0.179080 8.858229 -0.608503
v -0.204417 8.844072 -0.544572
v -0.241421 8.816373 -0.597864
v -0.237793 8.767572 -0.647226
v -0.198422 8.730333 -0.689279
v -0.162043 8.754337 -0.647695
v -0.136016 8.772284 -0.699141
v -0.147045 8.828506 -0.662053
v -0.178328 8.830438 -0.719953
v -0.222794 8.841742 -0.661584
v -0.240734 8.788486 -0.710091
v -0.227055 8.733210 -0.744862
v -0.154047 8.722569 -0.733930
v -0.140164 8.791652 -0.758403
v -0.213172 8.802294 -0.769335
v -0.122333 4.538692 -0.033879
v -0.136099 4.559402 -0.343380
v 0.144548 4.547355 -0.366684
v 0.033983 4.454981 -0.480975
v 0.162387 4.536211 -0.062326
v 0.521357 4.610656 0.737438
v 0.490343 4.560982 0.891708
v 0.364342 4.636497 0.815513
v 0.407429 4.699410 0.947915
v 0.405234 4.808577 0.837661
v 0.545014 4.799625 0.913391
v 0.563116 4.779638 0.763566
v 0.627928 4.661196 0.857184
v 0.633212 4.552129 0.997849
v 0.562579 4.527647 1.136395
v 0.463986 4.582068 1.031275
v 0.469864 4.669537 1.119705
v 0.502173 4.759470 1.034128
v 0.613924 4.771703 1.116882
v 0.671399 4.729531 1.000701
v 0.706638 4.629813 1.133572
v 0.621062 4.577829 1.271571
v 0.474772 4.604507 1.355614
v 0.458798 4.599637 1.219862
v 0.401285 4.725249 1.271785
v 0.497715 4.770696 1.189621
v 0.530931 4.827154 1.298944
v 0.659978 4.748888 1.241331
v 0.604417 4.706411 1.382772
v 0.493838 4.675525 1.484886
v 0.363368 4.695320 1.532685
v 0.355727 4.685403 1.394366
v 0.299557 4.803585 1.441466
v 0.396563 4.839851 1.349687
v 0.417711 4.899432 1.472570
v 0.534675 4.829974 1.440207
v 0.481522 4.791166 1.563790
v 0.383708 4.760676 1.641663
v 0.261312 4.769030 1.559383
v 0.297865 4.906322 1.518948
v 0.420261 4.897970 1.601228
v -0.058973 4.179278 -0.735902
v 0.086058 4.185803 -0.862412
v 0.185965 4.144127 -0.719116
v 0.250284 4.302659 -0.787980
v 0.198258 4.377933 -0.616319
v 0.109640 4.467772 -0.743819
v -0.053196 4.413589 -0.627056
v -0.054586 4.350917 -0.818251
v 0.008586 4.291118 -0.967113
v 0.212404 4.258414 -0.947744
v 0.232552 4.447001 -0.874946
v 0.020000 4.479616 -0.902574
v -0.034085 4.412607 -1.024284
v 0.101404 4.420042 -1.542863
v 0.175245 4.381846 -1.630278
v 0.245870 4.394011 -1.531565
v 0.288854 4.462441 -1.627296
v 0.271796 4.539605 -1.531589
v 0.208427 4.576041 -1.633463
v 0.124670 4.565345 -1.540056
v 0.094818 4.495446 -1.636445
v 0.114896 4.419475 -1.723909
v 0.183615 4.381822 -1.807862
v 0.252925 4.395996 -1.717401
v 0.292316 4.458935 -1.805009
v 0.276529 4.534139 -1.719667
v 0.215363 4.567627 -1.810910
v 0.138500 4.557617 -1.726175
v 0.106662 4.490514 -1.813763
v 0.125856 4.417827 -1.897196
v 0.191631 4.381798 -1.977972
v 0.257931 4.395361 -1.890968
v 0.295631 4.455576 -1.975242
v 0.280517 4.527544 -1.893136
v 0.222007 4.559568 -1.980887
v 0.148442 4.550010 -1.899364
v 0.118007 4.485790 -1.983617
v 0.136428 4.416237 -2.064349
v 0.199402 4.381775 -2.142867
v 0.262760 4.394749 -2.058392
v 0.298845 4.452321 -2.140256
v 0.284364 4.521184 -2.060466
v 0.228447 4.551756 -2.145654
v 0.158032 4.542673 -2.066423
v 0.129005 4.481210 -2.148265
v 0.149351 4.416834 -2.221886
v 0.265222 4.397125 -2.216422
v 0.285037 4.513092 -2.218325
v 0.169166 4.532801 -2.223788
v -0.091526 4.326717 -1.093588
v -0.189059 4.281340 -1.158200
v -0.115720 4.334819 -1.251356
v -0.233267 4.384581 -1.250530
v -0.153094 4.483862 -1.234782
v -0.237590 4.481649 -1.138127
v -0.117619 4.482527 -1.071163
v -0.193381 4.378408 -1.045797
v -0.273132 4.281780 -1.065642
v -0.371708 4.233320 -1.123551
v -0.301346 4.286599 -1.211052
v -0.416331 4.333604 -1.214109
v -0.338560 4.429527 -1.198897
v -0.422472 4.427370 -1.107248
v -0.310029 4.424840 -1.053181
v -0.377849 4.327085 -1.016690
v -0.451249 4.237757 -1.037271
v -0.477748 4.242247 -1.173214
v -0.512705 4.375869 -1.161988
v -0.486205 4.371380 -1.026045
v 0.154191 5.802019 -0.484349
v 0.301004 5.783363 -0.357039
v 0.271401 5.987290 -0.308859
v 0.124202 6.004931 -0.440599
v 0.273213 5.813780 -0.866472
v 0.334865 5.745973 -0.972183
v 0.427234 5.784797 -0.876449
v 0.455536 5.828743 -1.008437
v 0.450329 5.929754 -0.918047
v 0.364587 5.949958 -1.028538
v 0.294045 5.962183 -0.906817
v 0.243916 5.867188 -0.992284
v 0.253232 5.764057 -1.075535
v 0.401108 5.738790 -1.087202
v 0.422280 5.882077 -1.126797
v 0.274483 5.907552 -1.115188
v -0.477075 6.489852 -1.037063
v -0.403643 6.458132 -1.071135
v -0.391549 6.468839 -0.991230
v -0.340382 6.508329 -1.038127
v -0.377217 6.557550 -0.987281
v -0.385806 6.579611 -1.062437
v -0.459071 6.578136 -1.027130
v -0.449067 6.529414 -1.095446
v -0.409239 6.479377 -1.146646
v -0.341923 6.455197 -1.182601
v -0.331188 6.465822 -1.104176
v -0.281405 6.506996 -1.147536
v -0.319175 6.554517 -1.098383
v -0.326497 6.577129 -1.173141
v -0.397113 6.568027 -1.140760
v -0.387015 6.525331 -1.208207
v -0.345831 6.478399 -1.261169
v -0.276668 6.457035 -1.290710
v -0.271629 6.464897 -1.213117
v -0.223527 6.508228 -1.245061
v -0.262223 6.553458 -1.203505
v -0.267295 6.578470 -1.272566
v -0.336425 6.566959 -1.251557
v -0.320436 6.527277 -1.318215
v -0.272058 6.486243 -1.359677
v -0.201079 6.470104 -1.370942
v -0.205614 6.471838 -1.301583
v -0.156289 6.520075 -1.315516
v -0.201605 6.559772 -1.284985
v -0.198558 6.590536 -1.344776
v -0.268049 6.574175 -1.343078
v -0.243348 6.540566 -1.400201
v -0.193965 6.501817 -1.434045
v -0.125720 6.485534 -1.441056
v -0.131952 6.486700 -1.371029
v -0.082665 6.535219 -1.383730
v -0.131025 6.574137 -1.351007
v -0.124624 6.605731 -1.413330
v -0.193039 6.589253 -1.414023
v -0.167678 6.556046 -1.470657
v -0.119161 6.517155 -1.503553
v -0.051073 6.500846 -1.510391
v -0.057333 6.502007 -1.440333
v -0.008018 6.550531 -1.453064
v -0.056536 6.589423 -1.420169
v -0.049977 6.621044 -1.482665
v -0.118363 6.604571 -1.483388
v -0.093032 6.571358 -1.539992
v -0.045535 6.533529 -1.568908
v 0.013646 6.519032 -1.508396
v 0.014409 6.602704 -1.489095
v -0.044771 6.617203 -1.549607
v -0.619644 7.040735 0.262930
v -0.709701 7.048544 0.299562
v -0.703665 7.053355 0.197751
v -0.750486 7.128051 0.245970
v -0.682777 7.157568 0.189831
v -0.672470 7.190671 0.275911
v -0.598806 7.144805 0.255237
v -0.631685 7.111164 0.329502
v -0.702936 7.084498 0.392076
v -0.793127 7.090529 0.336960
v -0.761797 7.199989 0.310413
v -0.673544 7.188046 0.370980
v -0.989823 7.048936 0.537684
v -1.006652 6.988306 0.471347
v -0.941419 7.046803 0.424892
v -1.015916 7.041089 0.381873
v -1.002634 7.126266 0.404796
v -1.086137 7.102479 0.431914
v -1.047392 7.132888 0.519404
v -1.076873 7.049697 0.521388
v -1.090396 6.964345 0.496799
v -1.108525 6.902161 0.434101
v -1.045691 6.957361 0.399137
v -1.114011 6.957858 0.346891
v -1.103183 7.041649 0.367066
v -1.184988 7.020300 0.390850
v -1.147802 7.048759 0.464777
v -1.179502 6.964603 0.478060
v -1.198191 6.875391 0.451143
v -1.213011 6.819928 0.376785
v -1.143374 6.875976 0.360236
v -1.200093 6.889338 0.302215
v -1.194582 6.965257 0.331530
v -1.275492 6.948484 0.343137
v -1.249398 6.964673 0.422437
v -1.288411 6.879076 0.417707
v -1.305765 6.800749 0.359102
v -1.307534 6.764215 0.263367
v -1.232612 6.814215 0.283361
v -1.277668 6.844747 0.205398
v -1.272588 6.911387 0.263944
v -1.357139 6.901222 0.242331
v -1.345741 6.897922 0.339686
v -1.387006 6.820690 0.300300
v -1.399019 6.750292 0.232347
v -1.394517 6.718331 0.141244
v -1.316902 6.769407 0.166156
v -1.361358 6.800915 0.086859
v -1.351387 6.870040 0.152589
v -1.441621 6.856897 0.122931
v -1.433504 6.850925 0.218781
v -1.474780 6.774314 0.177316
v -1.481306 6.709000 0.113386
v -1.402349 6.727519 0.050417
v -1.435140 6.823978 0.037668
v -1.514096 6.805459 0.100638
v 0.224537 7.835476 0.178470
v 0.209018 7.813632 0.230691
v 0.163162 7.846678 0.208140
v 0.180455 7.865469 0.261442
v 0.178944 7.912742 0.214493
v 0.235141 7.902957 0.249515
v 0.240347 7.901590 0.184891
v 0.263703 7.851120 0.218763
v 0.263695 7.802954 0.259773
v 0.203049 7.813175 0.292824
v 0.223363 7.877975 0.309277
v 0.285444 7.870315 0.277350
v 0.396404 7.812768 0.289189
v 0.456686 7.815052 0.285278
v 0.440585 7.804904 0.343805
v 0.473028 7.852309 0.337560
v 0.425303 7.868446 0.366218
v 0.436394 7.902338 0.314255
v 0.379041 7.875370 0.307976
v 0.420053 7.865080 0.261974
v 0.477074 7.851011 0.233987
v 0.527269 7.844748 0.245010
v 0.502328 7.836985 0.292659
v 0.522394 7.875570 0.302189
v 0.487866 7.900861 0.314211
v 0.507565 7.932657 0.274663
v 0.462585 7.914839 0.255471
v 0.512439 7.901834 0.217484
v 0.563687 7.873797 0.224210
v 0.593333 7.851867 0.267281
v 0.552410 7.851026 0.284437
v 0.566299 7.878767 0.321448
v 0.538201 7.914984 0.306011
v 0.573922 7.939829 0.296973
v 0.549478 7.937756 0.245785
v 0.600956 7.912929 0.242806
v 0.638692 7.877429 0.262425
v 0.658390 7.853367 0.305220
v 0.607729 7.851794 0.318172
v 0.626861 7.879650 0.358257
v 0.593649 7.915770 0.339776
v 0.639038 7.941337 0.334927
v 0.624612 7.941406 0.284029
v 0.670567 7.915054 0.281890
v 0.701146 7.879760 0.300925
v 0.670721 7.855114 0.354087
v 0.657249 7.916352 0.374767
v 0.687674 7.940998 0.321605
v 0.070025 8.180265 -0.444272
v 0.110986 8.173395 -0.348609
v 0.089309 8.286030 -0.336227
v 0.047238 8.283951 -0.427625
v 0.094218 8.346013 -0.566213
v 0.113833 8.363272 -0.630448
v 0.173650 8.333030 -0.605903
v 0.188668 8.395859 -0.623498
v 0.209724 8.400224 -0.558127
v 0.160603 8.449510 -0.567690
v 0.128574 8.413169 -0.517694
v 0.085768 8.416924 -0.574641
v 0.072932 8.419687 -0.644412
v 0.100380 8.433229 -0.703291
v 0.145128 8.399331 -0.671852
v 0.169809 8.450432 -0.682295
v 0.177910 8.456941 -0.625579
v 0.143743 8.505141 -0.637131
v 0.105714 8.477298 -0.598140
v 0.074314 8.487940 -0.658126
v 0.084251 8.492043 -0.725965
v 0.130679 8.496797 -0.774767
v 0.150386 8.458012 -0.734456
v 0.193885 8.501012 -0.740422
v 0.180489 8.505939 -0.684053
v 0.170304 8.558547 -0.703188
v 0.114354 8.539970 -0.675563
v 0.107098 8.554331 -0.737533
v 0.124630 8.553755 -0.798082
v 0.168590 8.552771 -0.838944
v 0.185909 8.513409 -0.797593
v 0.228904 8.554470 -0.802885
v 0.213929 8.556712 -0.745321
v 0.206446 8.611206 -0.767992
v 0.152650 8.597060 -0.745811
v 0.146132 8.609509 -0.804051
v 0.162258 8.607059 -0.860492
v 0.204783 8.605910 -0.899855
v 0.221514 8.567657 -0.859657
v 0.263222 8.607557 -0.864917
v 0.248615 8.609490 -0.808862
v 0.241462 8.662530 -0.831109
v 0.189359 8.648893 -0.809697
v 0.183023 8.660886 -0.866047
v 0.199422 8.657166 -0.918047
v 0.254470 8.620564 -0.917271
v 0.279646 8.659425 -0.870085
v 0.224598 8.696028 -0.870860
v 0.868047 8.430331 -0.439408
v 0.890451 8.428043 -0.347580
v 0.867817 8.527831 -0.345424
v 0.848641 8.526020 -0.439637
v 1.094120 8.367444 -0.381229
v 1.068181 8.338529 -0.337532
v 1.019842 8.382982 -0.339890
v 1.043995 8.387371 -0.291768
v 1.056386 8.439381 -0.308047
v 1.109408 8.416162 -0.289817
v 1.124745 8.426624 -0.345230
v 1.133594 8.367319 -0.335580
v 1.118029 8.315620 -0.312370
v 1.084542 8.295831 -0.278968
v 1.055147 8.335365 -0.290819
v 1.062045 8.348148 -0.246362
v 1.083513 8.388938 -0.254319
v 1.121499 8.363824 -0.226676
v 1.146266 8.369290 -0.275751
v 1.143996 8.311507 -0.259281
v 1.104962 8.272196 -0.241168
v 1.055285 8.266511 -0.220795
v 1.051454 8.304368 -0.242841
v 1.038316 8.318634 -0.200907
v 1.076115 8.349240 -0.204199
v 1.085927 8.322578 -0.168263
v 1.129622 8.317069 -0.202526
v 1.102896 8.270456 -0.188151
v 1.062786 8.244201 -0.182114
v 1.021479 8.243575 -0.171292
v 1.020108 8.279140 -0.194057
v 1.007261 8.290821 -0.155479
v 1.040668 8.316921 -0.157331
v 1.048036 8.292405 -0.123555
v 1.083346 8.281981 -0.145387
v 1.062254 8.245162 -0.139367
v 1.028527 8.223790 -0.137270
v 0.991719 8.223186 -0.127501
v 0.990849 8.255074 -0.148308
v 0.979114 8.265073 -0.113482
v 1.009045 8.288530 -0.115602
v 1.015264 8.266478 -0.085178
v 1.046722 8.257245 -0.104563
v 1.027869 8.224590 -0.099197
v 0.997911 8.206958 -0.097329
v 0.965797 8.233622 -0.106738
v 0.981305 8.262137 -0.078862
v 1.013419 8.235473 -0.069453
v -0.048671 8.530235 -0.152377
v -0.098197 8.491199 -0.138255
v -0.122786 8.544131 -0.179130
v -0.151657 8.537351 -0.113239
v -0.125123 8.601359 -0.119137
v -0.102936 8.566126 -0.061282
v -0.049792 8.588267 -0.098697
v -0.049476 8.519974 -0.086298
v -0.075974 8.456791 -0.081986
v -0.126461 8.416539 -0.066621
v -0.150305 8.470051 -0.100761
v -0.179865 8.464096 -0.041722
v -0.154677 8.524203 -0.044731
v -0.134537 8.488064 0.012220
v -0.080287 8.510934 -0.026141
v -0.081133 8.440508 -0.012678
v -0.109792 8.377827 -0.009694
v -0.161728 8.351622 -0.014344
v -0.175019 8.404325 -0.036856
v -0.209916 8.405875 0.006720
v -0.184494 8.451227 0.023789
v -0.182427 8.406942 0.073776
v -0.119268 8.424728 0.050951
v -0.134239 8.352690 0.052712
v -0.178551 8.306211 0.018508
v -0.239149 8.299473 -0.020811
v -0.221351 8.356342 -0.018224
v -0.280420 8.359818 -0.001090
v -0.243105 8.390305 0.047662
v -0.276586 8.340053 0.070560
v -0.200305 8.340171 0.084393
v -0.235315 8.279711 0.050838
v -0.277226 8.247057 0.000456
v -0.334181 8.244757 -0.041216
v -0.305820 8.308628 -0.037598
v -0.373955 8.306275 -0.021597
v -0.335352 8.336327 0.029011
v -0.375240 8.282485 0.050403
v -0.306758 8.274755 0.067065
v -0.335466 8.220963 0.030783
v -0.372380 8.194498 -0.018563
v -0.399174 8.253886 -0.055027
v -0.427756 8.280151 0.008752
v -0.400963 8.220761 0.045215
v 0.242682 4.729438 0.129596
v 0.060290 4.767568 0.226730
v 0.108863 4.968857 0.251775
v 0.301966 4.935179 0.158589
v 0.471127 4.989201 0.321396
v 0.575744 5.032687 0.380733
v 0.542968 4.970068 0.475295
v 0.539593 5.079425 0.512286
v 0.429252 5.053835 0.530091
v 0.423698 5.141316 0.453844
v 0.367073 5.067180 0.385718
v 0.459850 5.094578 0.322291
v 0.571546 5.119919 0.313688
v 0.658979 5.167237 0.359604
v 0.625600 5.109499 0.446999
v 0.618379 5.209030 0.482151
v 0.515978 5.187922 0.497378
v 0.512627 5.273125 0.426950
v 0.462199 5.198147 0.364259
v 0.553227 5.231333 0.304403
v 0.661871 5.262120 0.297563
v 0.741621 5.292643 0.358617
v 0.696163 5.231256 0.422162
v 0.687215 5.310855 0.469857
v 0.593844 5.307371 0.469805
v 0.608986 5.394939 0.421632
v 0.559551 5.338234 0.345205
v 0.663392 5.376727 0.310392
v 1.117554 5.599117 0.686704
v 1.133499 5.617492 0.756179
v 1.061056 5.607447 0.747637
v 1.078519 5.673811 0.775018
v 1.038206 5.681047 0.714516
v 1.100578 5.717014 0.710238
v 1.095707 5.672558 0.655779
v 1.155558 5.660696 0.691399
v 1.196736 5.653090 0.750901
v 1.212721 5.671195 0.820743
v 1.139733 5.662795 0.812772
v 1.155813 5.729488 0.840242
v 1.115374 5.736433 0.778779
v 1.178645 5.774206 0.773191
v 1.172376 5.726728 0.716908
v 1.235552 5.715913 0.753692
v 1.273447 5.707969 0.813623
v 1.217088 5.717565 0.874794
v 1.193004 5.790370 0.841185
v 1.249363 5.780775 0.780014
v 0.775393 5.388761 0.350144
v 0.844256 5.391104 0.439890
v 0.776155 5.328576 0.451754
v 0.781910 5.390965 0.527023
v 0.687861 5.399158 0.494904
v 0.736264 5.481188 0.494217
v 0.687264 5.459340 0.393223
v 0.798609 5.481327 0.407084
v 0.888022 5.474810 0.451240
v 0.871474 5.410377 0.530680
v 0.799345 5.472205 0.566610
v 0.819990 5.536791 0.483880
v 0.906982 5.634785 0.463031
v 0.947399 5.650164 0.400369
v 0.990673 5.623292 0.446877
v 1.013744 5.684590 0.419762
v 1.012328 5.686782 0.491341
v 0.973961 5.736795 0.457854
v 0.932453 5.699112 0.504920
v 0.907615 5.702369 0.438461
v 0.911810 5.700636 0.367274
v 0.944146 5.714587 0.305740
v 0.987974 5.687717 0.354129
v 1.008765 5.749090 0.325942
v 1.006069 5.750784 0.396497
v 0.968930 5.801363 0.364083
v 0.930069 5.763701 0.409571
v 0.904311 5.766860 0.343881
v 0.906945 5.765151 0.273280
v 0.938994 5.779117 0.211821
v 0.982961 5.752219 0.260225
v 1.003697 5.813666 0.232049
v 1.000996 5.815370 0.302684
v 0.963810 5.866006 0.270240
v 0.924980 5.828302 0.315739
v 0.899107 5.831459 0.250012
v 0.903928 5.828767 0.182943
v 0.976777 5.816373 0.170431
v 0.994062 5.876894 0.211122
v 0.921212 5.889288 0.223634
v 1.210034 6.479459 -1.000377
v 1.214939 6.461089 -1.077064
v 1.076961 6.432197 -1.078969
v 1.072055 6.450568 -1.002282
v 1.128198 6.397427 -0.985961
v 1.133104 6.379056 -1.062647
v 0.995125 6.350164 -1.064553
v -0.210791 3.779579 -0.401194
v 0.990219 6.368536 -0.987866
v 1.046363 6.315396 -0.971544
v 0.246592 4.009090 -0.457350
v 1.051268 6.297024 -1.048231
v 0.913134 6.268001 -1.050076
v 0.908643 6.286725 -0.973549
v 0.964683 6.233496 -0.957187
v 0.969174 6.214772 -1.033715
v 0.827430 6.183888 -1.032939
v 0.833014 6.211137 -0.960174
v 0.001318 8.587998 -0.192859
v -0.016228 8.605890 -0.330082
v 0.886751 6.155598 -0.942740
v 0.881168 6.128347 -1.015505
v 0.735043 6.121972 -0.984724
v 0.762751 6.166901 -0.917982
v 0.816022 6.102489 -0.895787
v 0.788315 6.057561 -0.962529
v 0.639139 6.086036 -0.906338
v -0.083930 7.608542 -0.295841
v 0.683064 6.145037 -0.836889
v 0.742583 6.067923 -0.808691
v 0.698658 6.008922 -0.878140
v 0.536139 6.056393 -0.822790
v 0.585019 6.117837 -0.737248
v 0.654697 6.027335 -0.704109
v 0.046137 7.853440 -0.327189
v 0.607195 5.964053 -0.789347
v 0.225106 5.752986 -0.170239
v -0.792420 6.715856 -1.108999
v -0.724325 6.763962 -1.134535
v -0.708046 6.706943 -1.197505
v -0.776141 6.658837 -1.171970
v -0.728235 6.663844 -1.025805
v -0.658834 6.710682 -1.050118
v -0.636155 6.648058 -1.106651
v 0.000478 5.596553 -0.375979
v -0.705556 6.601221 -1.082338
v -0.659226 6.609790 -0.936134
v -0.589611 6.653566 -0.964103
v -0.563164 6.585182 -1.024203
v -0.631974 6.541443 -0.993182
v -0.010371 6.856767 -0.453167
v -0.452420 6.586045 -0.667573
v -0.402067 6.646076 -0.736095
v -0.336888 6.566102 -0.758887
v -0.170949 6.563054 -0.358935
v -0.386421 6.505948 -0.689972
v -0.372388 6.626569 -0.563882
v -0.316928 6.693423 -0.640852
v -0.246075 6.604829 -0.666440
v -0.301535 6.537976 -0.589470
v -0.286780 6.671399 -0.452010
v -0.224261 6.747863 -0.537826
v -0.139768 6.641579 -0.560629
v -0.426648 6.597629 -0.907643
v 0.207531 5.160642 -0.121147
v -0.205868 6.565088 -0.476182
v -0.098568 6.449698 -0.152486
v -0.422402 6.476749 -0.801767
v -0.160669 7.354397 -0.391694
v 0.079396 6.448907 -0.177833
v 0.050600 6.428031 -0.358447
v -0.128190 6.425159 -0.332127
v -0.101691 6.213008 -0.111675
v 0.097633 6.201013 -0.130352
v 0.083102 6.178334 -0.321842
v -0.118205 6.184561 -0.300768
v 0.442935 7.695307 0.604131
v 0.416437 7.744164 0.636350
v 0.363850 7.708765 0.646778
v 0.390348 7.659909 0.614559
v -0.019798 7.147081 -0.231280
v 0.406250 7.729664 0.518938
v 0.378593 7.780497 0.552868
v 0.002031 8.317836 -0.381404
v 0.321900 7.743936 0.561937
v 0.349639 7.692694 0.528183
v 0.210168 7.868258 0.089042
v 0.169035 7.925403 0.097398
v 0.116766 7.884938 0.124574
v 0.157899 7.827794 0.116218
v 0.037217 8.069618 -0.317771
v 0.179829 7.838133 -0.006632
v 0.129536 7.901215 -0.006992
v 0.072919 7.856358 0.029025
v 0.123212 7.793276 0.029385
v 0.146790 7.804179 -0.111205
v 0.090286 7.874949 -0.112066
v 0.026857 7.824655 -0.071433
v 0.083361 7.753883 -0.070572
v 0.111117 7.767061 -0.226661
v 0.002353 4.708613 0.060661
v 0.004251 4.561584 -1.252900
v 0.050201 7.849143 -0.228184
v -0.023271 7.790926 -0.183988
v 0.040241 7.708777 -0.181250
v 0.002917 9.370685 -0.315242
v 0.032931 9.364202 -0.314213
v 0.033740 9.363074 -0.344906
v 0.003726 9.369558 -0.345935
v -0.011436 9.324205 -0.309877
v 0.026459 9.316021 -0.308578
v 0.027481 9.314599 -0.347328
v 0.103383 4.362415 -1.394738
v -0.010414 9.322783 -0.348628
v -0.026924 9.271686 -0.304486
v 0.018527 9.261869 -0.302928
v 0.019751 9.260161 -0.349405
v -0.025699 9.269979 -0.350963
v -0.044884 9.210770 -0.298234
v 0.009354 9.199244 -0.296389
v 0.010796 9.197084 -0.351814
v -0.043442 9.208610 -0.353659
v -0.069564 9.124591 -0.289213
v -0.002642 9.114924 -0.287300
v -0.001335 9.109294 -0.354771
v -0.068256 9.118961 -0.356685
v 0.020150 5.381286 -0.004883
v -0.947518 7.144013 0.621066
v 0.160961 5.380745 -0.194637
v -0.029215 5.375691 -0.339142
v -0.172322 5.377936 -0.147166
v -0.098213 7.484426 -0.323178
v 0.032262 7.482255 -0.341985
v 0.014489 7.465965 -0.472589
v -0.880483 7.169991 0.385820
v -0.117218 7.470670 -0.452735
v 0.943238 5.559883 0.486487
v 0.007562 8.506239 -0.239481
v -0.001489 8.522406 -0.321571
v 0.326420 7.807390 0.304831
v -0.084861 8.522390 -0.311758
v -0.076141 8.504044 -0.229560
v 0.006994 8.380638 -0.255379
v -0.000034 8.400748 -0.343631
v 0.370331 7.820014 0.475511
v -0.088920 8.402150 -0.340498
v -0.082167 8.384914 -0.252360
v -0.084094 9.023008 -0.274117
v -0.008793 9.020248 -0.272932
v -0.007843 9.008547 -0.347456
v -0.083144 9.011308 -0.348640
v 0.308247 8.350301 -0.472179
v -0.082605 8.926642 -0.255230
v -0.006841 8.928254 -0.254576
v -0.005872 8.913519 -0.328972
v -0.081635 8.911908 -0.329625
v -0.079474 8.830686 -0.238502
v 1.109026 8.415045 -0.466351
v -0.004208 8.831267 -0.235453
v -0.000458 8.817036 -0.311398
v 0.113792 8.338158 -0.414957
v -0.075953 8.818546 -0.316555
v 0.946675 5.882009 0.154620
v 1.269643 5.774846 0.856928
v 0.280526 4.976428 0.341681
v -0.443782 8.211983 -0.014060
v 0.976469 8.224815 -0.070831
v 0.255265 8.681373 -0.921464
v 0.708577 7.898735 0.354975
v -1.496922 6.746130 0.021017
v 0.018132 6.575028 -1.560299
v 0.325921 5.798273 -1.198091
v -0.563440 4.284231 -1.084495
v 0.220325 4.463237 -2.292730
v 0.293544 4.867801 1.654063
v 0.985336 8.478663 -0.343952
v -0.179017 8.745126 -0.796945
v 1.467228 8.406557 -0.704369
v -1.532812 7.206768 1.291536
v -0.213529 0.014994 0.019792
v -1.124180 7.073995 -1.350639
v 1.064348 5.626195 0.600403
v 1.028850 5.665148 0.614808
v 1.300601 6.613309 -1.067349
v 0.979915 5.672451 0.597240
v 0.058100 3.825957 -0.520426
v 0.421484 7.686489 0.663910
v 0.523214 4.771159 0.584272
v -0.027201 4.964073 -0.358983
v 0.022863 9.387769 -0.330721
v 0.875078 5.594500 0.564038
v 0.915056 5.619490 0.624714
v -0.185740 4.958999 -0.153258
v -0.049600 4.020394 0.021659
v 0.945100 5.582045 0.682018
v 1.012162 5.516491 0.652846
v 0.989302 5.497114 0.564890
v -0.210644 4.142200 -0.280913
v 0.213845 4.005037 -0.155168
v 0.925463 5.499458 0.644179
v 0.206931 4.905189 -0.188202
v 0.066771 5.795249 -0.053137
v -0.089362 5.848991 -0.338432
v -0.137177 5.810487 -0.118814
v 0.169648 4.557541 -1.219477
v 0.287915 4.660913 0.467673
v 0.204239 4.802906 0.541970
v 0.275513 4.425671 -1.224715
v 0.438454 4.769616 0.397600
v -0.100045 6.740094 -0.203347
v 0.062687 6.739107 -0.228263
v 0.026584 6.689715 -0.412653
v 0.403823 6.069391 -0.556004
v 0.494388 5.951976 -0.513355
v -0.083913 4.927374 0.092099
v 0.126018 4.316096 -1.219821
v -0.145077 7.202194 -0.404141
v 0.088800 5.131855 0.053564
v 0.015957 7.291460 -0.295281
v 0.020259 7.226097 -0.443343
v 0.012789 7.720864 -0.469986
v -0.110878 7.720909 -0.455818
v 0.328459 5.794321 -0.627528
v 0.229780 5.923749 -0.662952
v -0.827774 7.281751 0.515750
v -0.787116 7.200238 0.571332
v -0.088031 8.179941 -0.286114
v -0.096307 8.199129 -0.386427
v 0.166650 5.618591 -0.281487
v -0.108364 7.749376 -0.315642
v 0.283532 4.966463 0.519577
v 0.013210 4.467772 -1.372334
v -0.519886 6.490115 -0.882547
v -0.216878 6.712132 -0.333549
v -0.139129 7.347151 -0.265617
v 0.448163 4.897262 0.621366
v -0.148387 6.841478 -0.436336
v 0.237589 8.180775 -0.433852
v 0.247275 8.249179 -0.358817
v 0.086392 7.734057 -0.351125
v 0.494902 5.860436 -0.670016
v 0.017174 8.198711 -0.274443
v -0.938699 7.240384 0.481115
v -0.557930 6.574714 -0.805416
v -0.853861 7.102308 0.539315
v -0.498014 6.625312 -0.852652
v 0.214971 8.354893 -0.421082
v 1.021043 8.544541 -0.445467
v 1.002500 8.484735 -0.501558
v 0.358070 6.039690 -0.723220
v 0.004005 8.696227 -0.211770
v 0.179225 8.239120 -0.530787
v 0.289967 7.743495 0.399684
v 0.261932 7.796240 0.433968
v 0.024785 7.623707 -0.295366
v 0.001968 8.693628 -0.313553
v 1.016732 8.407634 -0.448954
v -0.127192 8.667930 -0.247869
v 0.318394 7.854198 0.405342
v -0.387318 6.528981 -0.864819
v 0.278513 8.298578 -0.539252
v -0.075880 8.713152 -0.183572
v 1.063344 8.507160 -0.370680
v 1.020474 5.576752 0.536167
v -0.018469 8.215138 -0.438136
v 0.031412 8.099008 -0.404617
v 0.359216 7.758296 0.358506
v -0.089465 8.620687 -0.321972
v 0.397441 7.782432 0.434012
v 0.098120 8.296554 -0.482818
v 1.125339 8.452007 -0.416843
v 1.153890 6.532599 -1.016699
v 1.158796 6.514229 -1.093385
v 1.293343 6.542472 -1.089831
v 1.288644 6.560071 -1.016373
v 1.234864 6.610975 -1.032008
v 1.239563 6.593377 -1.105466
v -0.858328 6.733504 -1.239576
v -0.792845 6.783980 -1.267277
v -0.796564 6.829606 -1.193889
v -0.862048 6.779130 -1.166187
v -0.947535 6.821131 -1.281220
v -0.883481 6.872958 -1.309846
v -0.880328 6.912090 -1.232010
v -0.944382 6.860264 -1.203384
v -1.034538 6.906944 -1.320148
v -0.970543 6.958826 -1.348813
v -0.967102 6.997686 -1.270795
v -1.031097 6.945804 -1.242131
v -1.117727 6.992309 -1.356947
v -1.056426 7.042008 -1.384405
v -1.053130 7.079232 -1.309671
v -1.114431 7.029533 -1.282213
v -0.509730 0.418504 -0.148497
v -0.046941 0.385039 -0.318131
v 0.124028 0.401301 0.145092
v -0.338762 0.434766 0.314725
v -0.458395 1.167173 -0.183653
v -0.013303 1.134987 -0.346799
v 0.151127 1.150627 0.098709
v -0.293965 1.182813 0.261856
v -0.403728 1.787358 -0.207176
v 0.008996 1.757513 -0.358459
v 0.161469 1.772016 0.054652
v -0.251255 1.801860 0.205934
v -0.354189 2.349365 -0.228493
v 0.029204 2.321642 -0.369024
v 0.170840 2.335114 0.014727
v -0.212552 2.362837 0.155258
v -0.307730 2.876437 -0.248485
v 0.048155 2.850703 -0.378933
v 0.179629 2.863208 -0.022715
v -0.176255 2.888943 0.107733
v -0.263414 3.377460 -0.271950
v 0.065840 3.355515 -0.393230
v 0.189252 3.373034 -0.061689
v -0.139768 3.396677 0.061707
v -0.125007 6.990772 -0.396399
v 0.027813 6.988950 -0.417469
v 0.038352 6.999871 -0.267265
v -0.115926 7.000787 -0.246424
v -0.214672 7.080884 -0.198600
v -0.290850 7.180864 -0.246945
v -0.240819 7.263538 -0.162418
v -0.161909 7.163382 -0.117927
v -0.344363 7.061053 -0.095035
v -0.408414 7.153925 -0.137534
v -0.354934 7.227072 -0.058337
v -0.290883 7.134201 -0.015838
v -0.453346 7.037274 0.005414
v -0.513297 7.125144 -0.034954
v -0.462143 7.194188 0.039541
v -0.402192 7.106316 0.079908
v -0.563448 7.015216 0.109408
v -0.615939 7.098620 0.066843
v -0.558568 7.164626 0.127738
v -0.506078 7.081222 0.170302
v -0.987543 7.209205 0.714244
v -1.025078 7.289702 0.656995
v -0.942451 7.348491 0.695833
v -0.903525 7.268339 0.750632
v -1.057930 7.252180 0.835826
v -1.100880 7.333036 0.786401
v -1.029144 7.394835 0.827838
v -0.986194 7.313980 0.877263
v -1.141664 7.256152 0.932812
v -1.192890 7.337488 0.892991
v -1.138617 7.400318 0.954258
v -1.087391 7.318984 0.994079
v -1.248730 7.222721 1.027466
v -1.304604 7.303484 0.992412
v -1.260113 7.365115 1.063709
v -1.204239 7.284351 1.098763
v -1.363477 7.186746 1.128801
v -1.419546 7.267485 1.093944
v -1.375465 7.329057 1.165658
v -1.319396 7.248319 1.200514
v -1.475760 7.154670 1.228552
v -1.529469 7.232009 1.195162
v -1.487243 7.290991 1.263858
v -1.433534 7.213652 1.297247
v -0.096541 7.953027 -0.321143
v -0.103007 7.973361 -0.432328
v 0.008609 7.970701 -0.440946
v 0.015876 7.953090 -0.330198
v 0.421514 8.198279 -0.458345
v 0.411376 8.264683 -0.386341
v 0.400583 8.336753 -0.456255
v 0.410132 8.270776 -0.527947
v 0.565566 8.241504 -0.448470
v 0.526453 8.298767 -0.379018
v 0.506622 8.367730 -0.448025
v 0.545735 8.310465 -0.517478
v 0.681367 8.314623 -0.415229
v 0.628744 8.365696 -0.348172
v 0.605582 8.433128 -0.417757
v 0.658204 8.382054 -0.484814
v 0.780274 8.380053 -0.385030
v 0.745088 8.439087 -0.316436
v 0.720771 8.506039 -0.385829
v 0.755958 8.447004 -0.454423
v 1.157490 8.437946 -0.498488
v 1.174899 8.485419 -0.447923
v 1.154461 8.540051 -0.491481
v 1.136953 8.491932 -0.542280
v 1.224857 8.444456 -0.523334
v 1.247685 8.487815 -0.479909
v 1.232011 8.537075 -0.520965
v 1.209183 8.493716 -0.564391
v 1.285715 8.437065 -0.559011
v 1.318296 8.474680 -0.526045
v 1.304791 8.519473 -0.563930
v 1.272210 8.481859 -0.596897
v 1.341450 8.417966 -0.604817
v 1.376609 8.450616 -0.578647
v 1.364712 8.491206 -0.613317
v 1.329553 8.458555 -0.639488
v 1.391699 8.400391 -0.646317
v 1.424051 8.430157 -0.622567
v 1.413199 8.467237 -0.654253
v 1.380846 8.437471 -0.678002
v 1.437823 8.385633 -0.684212
v 1.466212 8.411752 -0.663372
v 1.456688 8.444289 -0.691176
v 1.428299 8.418171 -0.712016
v -0.114151 8.681714 -0.392186
v -0.054146 8.724885 -0.402931
v -0.089224 8.784809 -0.363910
v -0.148005 8.739494 -0.350942
v -0.153457 8.717206 -0.481402
v -0.091477 8.759151 -0.492922
v -0.124125 8.817280 -0.456915
v -0.186105 8.775334 -0.445395
v -0.190208 8.748849 -0.564143
v -0.127960 8.790729 -0.575220
v -0.164898 8.851255 -0.554761
v -0.227146 8.809375 -0.543684
v -0.202731 8.747047 -0.644769
v -0.140341 8.788940 -0.654962
v -0.182107 8.849031 -0.664511
v -0.244497 8.807138 -0.654317
v -0.193107 8.714691 -0.735336
v -0.133323 8.754904 -0.744653
v -0.174003 8.809755 -0.769013
v -0.233786 8.769546 -0.759696
v -0.180898 4.549495 -0.182981
v 0.000769 4.560842 -0.410203
v 0.204436 4.539864 -0.218346
v 0.021940 4.531919 0.006103
v 0.434579 4.591528 0.772105
v 0.355418 4.727021 0.840831
v 0.492847 4.825308 0.805486
v 0.571851 4.690404 0.737847
v 0.541439 4.533834 1.014027
v 0.451350 4.676383 1.038968
v 0.593946 4.777764 1.017949
v 0.684035 4.635216 0.993008
v 0.532633 4.556659 1.251386
v 0.447832 4.689255 1.195046
v 0.586144 4.791866 1.209806
v 0.670944 4.659269 1.266146
v 0.417126 4.651505 1.448003
v 0.350249 4.764480 1.355054
v 0.473276 4.863872 1.386570
v 0.540153 4.750897 1.479519
v 0.315090 4.739510 1.608988
v 0.256066 4.839653 1.524612
v 0.365356 4.928309 1.553383
v 0.424379 4.828166 1.637760
v 0.063133 4.120077 -0.748239
v 0.237203 4.252163 -0.666151
v 0.073794 4.440803 -0.606619
v -0.100859 4.302243 -0.682791
v 0.108411 4.240096 -0.971049
v 0.260715 4.346586 -0.906698
v 0.130885 4.498132 -0.876374
v -0.024601 4.390365 -0.935995
v 0.168668 4.380659 -1.538636
v 0.286473 4.462356 -1.529731
v 0.203319 4.579301 -1.535567
v 0.086138 4.496881 -1.543983
v 0.179485 4.381834 -1.720230
v 0.290607 4.460665 -1.717313
v 0.211941 4.571779 -1.723346
v 0.100818 4.492948 -1.726262
v 0.187658 4.381809 -1.893676
v 0.293988 4.457241 -1.890885
v 0.218715 4.563562 -1.896656
v 0.112385 4.488131 -1.899447
v 0.195544 4.381788 -2.060982
v 0.297249 4.453938 -2.058312
v 0.225249 4.555634 -2.063833
v 0.123543 4.483484 -2.066503
v 0.203604 4.385185 -2.219665
v 0.296923 4.451387 -2.217215
v 0.230860 4.544699 -2.222281
v 0.137540 4.478497 -2.224731
v -0.096839 4.303232 -1.176603
v -0.140921 4.410511 -1.271678
v -0.141810 4.510926 -1.151413
v -0.101946 4.403104 -1.051801
v -0.280291 4.257378 -1.140655
v -0.325273 4.358954 -1.232268
v -0.331242 4.453995 -1.123731
v -0.286261 4.352418 -1.032118
v -0.458905 4.214627 -1.107171
v -0.501179 4.309631 -1.192962
v -0.506997 4.398460 -1.091726
v -0.464723 4.303455 -1.005935
v 0.233514 5.756634 -0.429035
v 0.312859 5.880289 -0.309292
v 0.194455 6.034108 -0.368242
v 0.111442 5.905374 -0.484841
v 0.346210 5.772123 -0.863844
v 0.467312 5.850514 -0.899078
v 0.374933 5.973520 -0.920342
v 0.254960 5.893663 -0.884572
v 0.323039 5.724164 -1.075077
v 0.439349 5.805364 -1.110347
v 0.352227 5.921477 -1.129602
v 0.235917 5.840276 -1.094332
v -0.437244 6.463075 -1.014977
v -0.368893 6.509747 -0.982106
v -0.414503 6.583618 -1.005719
v -0.482843 6.537618 -1.041449
v -0.372476 6.455973 -1.126506
v -0.310557 6.507632 -1.093325
v -0.355881 6.577898 -1.118477
v -0.417800 6.526239 -1.151657
v -0.310494 6.455043 -1.238945
v -0.253013 6.506646 -1.199301
v -0.297561 6.576814 -1.225728
v -0.355041 6.525210 -1.265373
v -0.239587 6.462553 -1.333742
v -0.191151 6.513104 -1.282391
v -0.234075 6.583461 -1.310919
v -0.282512 6.532909 -1.362270
v -0.163132 6.477863 -1.406291
v -0.119861 6.527583 -1.349203
v -0.161858 6.598089 -1.378760
v -0.205130 6.548368 -1.435849
v -0.088397 6.493190 -1.475724
v -0.045342 6.542875 -1.418397
v -0.087300 6.613387 -1.447998
v -0.130355 6.563703 -1.505324
v -0.015685 6.510630 -1.542656
v 0.025558 6.558225 -1.487742
v -0.014635 6.625769 -1.516097
v -0.055878 6.578175 -1.571011
v -0.665566 7.027518 0.231804
v -0.708970 7.107841 0.181548
v -0.636880 7.170712 0.221070
v -0.593476 7.090391 0.271326
v -0.753031 7.068110 0.369434
v -0.792573 7.147016 0.311405
v -0.711864 7.213770 0.336865
v -0.671836 7.134474 0.392097
v -0.955133 7.032670 0.486143
v -0.964656 7.085910 0.394427
v -1.035578 7.144656 0.457200
v -1.026960 7.090679 0.548570
v -1.057272 6.945037 0.453976
v -1.066063 6.998183 0.364785
v -1.136264 7.061020 0.409913
v -1.127473 7.007874 0.499104
v -1.161181 6.858943 0.411072
v -1.158699 6.920726 0.328838
v -1.231591 6.981706 0.371601
v -1.234073 6.919923 0.453836
v -1.261693 6.789262 0.324872
v -1.238884 6.865325 0.259451
v -1.316660 6.922874 0.298175
v -1.339469 6.846811 0.363596
v -1.351495 6.740981 0.201795
v -1.318747 6.823308 0.146962
v -1.398911 6.879351 0.183141
v -1.431658 6.797024 0.237975
v -1.436125 6.699878 0.083646
v -1.404362 6.778986 0.031550
v -1.481247 6.832612 0.066104
v -1.513009 6.753505 0.118200
v 0.190888 7.828686 0.192107
v 0.159542 7.881805 0.216873
v 0.212607 7.919557 0.200889
v 0.243952 7.866437 0.176124
v 0.229453 7.795848 0.273532
v 0.201849 7.847267 0.306927
v 0.258006 7.886299 0.296887
v 0.284952 7.835047 0.261631
v 0.421210 7.797146 0.312765
v 0.441644 7.835196 0.364932
v 0.399274 7.883767 0.341128
v 0.380099 7.845106 0.288221
v 0.492416 7.832026 0.259289
v 0.499835 7.866297 0.314443
v 0.472511 7.919822 0.288876
v 0.465092 7.885550 0.233722
v 0.560713 7.850420 0.250278
v 0.543190 7.878735 0.306516
v 0.541175 7.938361 0.279943
v 0.558697 7.910046 0.223705
v 0.625851 7.852616 0.286248
v 0.594883 7.878975 0.339426
v 0.606491 7.940585 0.315953
v 0.637458 7.914225 0.262774
v 0.688818 7.855930 0.323823
v 0.658616 7.881108 0.374628
v 0.670281 7.940198 0.352280
v 0.700483 7.915021 0.301474
v 0.095293 8.157260 -0.399408
v 0.107831 8.228460 -0.324819
v 0.063834 8.303769 -0.380278
v 0.050156 8.233130 -0.452569
v 0.127489 8.326927 -0.594634
v 0.206164 8.364200 -0.590126
v 0.175635 8.419209 -0.528754
v 0.096432 8.382026 -0.535304
v 0.102883 8.398706 -0.666808
v 0.175056 8.424318 -0.653860
v 0.147959 8.477921 -0.603183
v 0.075786 8.452310 -0.616131
v 0.111674 8.466042 -0.739661
v 0.177838 8.475594 -0.710846
v 0.153066 8.531940 -0.670357
v 0.086902 8.522387 -0.699172
v 0.150016 8.525463 -0.807639
v 0.211408 8.527494 -0.771365
v 0.188543 8.585005 -0.735765
v 0.127151 8.582973 -0.772038
v 0.186804 8.579515 -0.869598
v 0.246175 8.581186 -0.834103
v 0.224068 8.637035 -0.799756
v 0.164697 8.635363 -0.835251
v 0.222405 8.631842 -0.926850
v 0.277586 8.633394 -0.893860
v 0.257039 8.685303 -0.861936
v 0.201858 8.683748 -0.894927
v 0.883000 8.411228 -0.394222
v 0.881345 8.478361 -0.328956
v 0.854366 8.544969 -0.392738
v 0.854557 8.478172 -0.456675
v 1.051190 8.364171 -0.367269
v 1.025944 8.413869 -0.316397
v 1.096528 8.443789 -0.320577
v 1.122595 8.394538 -0.369800
v 1.081281 8.315438 -0.308450
v 1.057551 8.365841 -0.268540
v 1.120196 8.389167 -0.258180
v 1.143926 8.338762 -0.298090
v 1.073584 8.279868 -0.249250
v 1.053752 8.332836 -0.223833
v 1.107492 8.341567 -0.196117
v 1.127325 8.288601 -0.221533
v 1.037592 8.254587 -0.194972
v 1.022386 8.304583 -0.177934
v 1.065863 8.306534 -0.144473
v 1.081068 8.256538 -0.161511
v 1.006276 8.233159 -0.148921
v 0.992883 8.277667 -0.134025
v 1.031295 8.279162 -0.103951
v 1.044689 8.234653 -0.118847
v 0.978792 8.214832 -0.107049
v 0.967379 8.252756 -0.094356
v 1.000110 8.254029 -0.068730
v 1.011523 8.216105 -0.081423
v -0.085774 8.525835 -0.175147
v -0.137687 8.575738 -0.153052
v -0.088237 8.605496 -0.098211
v -0.035522 8.556560 -0.121201
v -0.112325 8.453270 -0.101862
v -0.166433 8.499616 -0.076249
v -0.118296 8.527722 -0.024947
v -0.064188 8.481377 -0.050561
v -0.140629 8.382281 -0.034646
v -0.191986 8.432744 -0.011626
v -0.153657 8.446773 0.048742
v -0.102300 8.396309 0.025721
v -0.195872 8.324906 -0.012211
v -0.240253 8.382722 0.007832
v -0.225783 8.371605 0.078381
v -0.181402 8.313790 0.058338
v -0.285986 8.272649 -0.031060
v -0.325947 8.334023 -0.011428
v -0.326593 8.310733 0.060528
v -0.286631 8.249360 0.040896
v -0.380926 8.218951 -0.048897
v -0.419026 8.277882 -0.030103
v -0.420257 8.255092 0.038866
v -0.382157 8.196161 0.020073
v 0.141040 4.712741 0.175190
v 0.050345 4.874007 0.256275
v 0.212861 4.988416 0.209537
v 0.306619 4.825462 0.126407
v 0.527734 4.963931 0.387730
v 0.498219 5.010428 0.530046
v 0.377638 5.074901 0.468647
v 0.407299 5.032247 0.327480
v 0.619101 5.100023 0.370879
v 0.580899 5.146776 0.497166
v 0.468560 5.207721 0.440283
v 0.506763 5.160968 0.313996
v 0.698202 5.232417 0.350930
v 0.651434 5.263527 0.469346
v 0.557513 5.337073 0.416438
v 0.604281 5.305964 0.298022
v 1.094150 5.590040 0.723777
v 1.039502 5.646015 0.742801
v 1.063539 5.690247 0.679156
v 1.117262 5.635042 0.660602
v 1.172801 5.644134 0.788210
v 1.116865 5.701432 0.807376
v 1.139307 5.745387 0.741470
v 1.195244 5.688088 0.722303
v 1.250237 5.699370 0.850888
v 1.194874 5.756081 0.869858
v 1.217087 5.799585 0.804627
v 1.272449 5.742874 0.785657
v 0.792314 5.345433 0.392865
v 0.732135 5.352581 0.492388
v 0.671022 5.442482 0.452148
v 0.731201 5.435335 0.352625
v 0.892172 5.431015 0.484201
v 0.831399 5.428595 0.562961
v 0.796044 5.515352 0.531221
v 0.856869 5.516848 0.452509
v 0.945495 5.617876 0.446820
v 1.016226 5.652141 0.466055
v 0.976435 5.705445 0.505288
v 0.904962 5.669406 0.486507
v 0.946483 5.682352 0.352764
v 1.011286 5.716828 0.372855
v 0.971477 5.769068 0.410971
v 0.906674 5.734591 0.390881
v 0.941571 5.746844 0.258792
v 1.006231 5.781370 0.279007
v 0.966370 5.833677 0.317173
v 0.901709 5.799151 0.296958
v 0.937075 5.811539 0.168528
v 0.999091 5.844653 0.187916
v 0.960860 5.894820 0.224521
v 0.898844 5.861707 0.205133
vn 0.6212 -0.5161 0.5897
vn 0.2375 -0.0666 0.9691
vn 0.3506 -0.4900 -0.7981
vn 0.6726 -0.7085 -0.2136
vn -0.6212 0.5161 -0.5897
vn -0.2375 0.0666 -0.9691
vn -0.3506 0.4900 0.7981
vn -0.6726 0.7085 0.2136
vn -0.8245 -0.0866 -0.5592
vn -0.6795 -0.2128 -0.7021
vn -0.9876 0.0278 -0.1548
vn 0.8761 -0.2128 -0.4326
vn 0.9901 0.1333 0.0450
vn 0.9700 -0.1448 -0.1953
vn -0.6212 0.5160 -0.5898
vn -0.2378 0.0659 -0.9691
vn -0.2392 0.0611 -0.9690
vn -0.6210 0.5154 -0.5905
vn -0.3513 0.4891 0.7983
vn -0.6728 0.7082 0.2139
vn -0.6741 0.7061 0.2168
vn -0.3558 0.4835 0.7998
vn 0.6211 -0.5161 0.5898
vn 0.2368 -0.0669 0.9693
vn 0.2317 -0.0683 0.9704
vn 0.6207 -0.5157 0.5906
vn 0.3497 -0.4907 -0.7981
vn 0.6722 -0.7088 -0.2138
vn 0.6699 -0.7104 -0.2159
vn 0.3446 -0.4949 -0.7977
vn -0.6214 0.5125 -0.5926
vn -0.2527 0.0386 -0.9668
vn -0.3355 -0.0423 -0.9411
vn -0.6288 0.5019 -0.5939
vn -0.3415 0.4945 0.7993
vn -0.6607 0.7171 0.2218
vn -0.5606 0.8057 0.1912
vn -0.1937 0.6275 0.7541
vn 0.7235 -0.4922 0.4841
vn 0.9625 -0.0781 0.2598
vn 0.8565 0.0109 0.5160
vn 0.2681 -0.2116 -0.9399
vn 0.4584 -0.2288 -0.8588
vn 0.8392 -0.0440 -0.5420
vn 0.6257 -0.5087 0.5913
vn 0.2387 -0.0508 0.9698
vn 0.3586 0.0597 0.9316
vn 0.6657 -0.4741 0.5763
vn 0.3188 -0.5174 -0.7941
vn 0.6552 -0.7227 -0.2201
vn 0.5882 -0.7823 -0.2050
vn 0.2080 -0.6154 -0.7602
vn -0.6449 0.4856 -0.5901
vn -0.4819 -0.1484 -0.8636
vn -0.5666 -0.1925 -0.8012
vn -0.6556 0.4753 -0.5867
vn 0.0847 0.8116 0.5780
vn -0.3777 0.9227 0.0773
vn -0.2903 0.9569 -0.0105
vn 0.2153 0.8666 0.4503
vn 0.7331 -0.4291 0.5277
vn 0.5801 0.2110 0.7868
vn 0.6870 0.2541 0.6808
vn 0.7653 -0.4182 0.4893
vn 0.0243 -0.7510 -0.6598
vn 0.4763 -0.8673 -0.1445
vn 0.4147 -0.9051 -0.0942
vn -0.0798 -0.8120 -0.5782
vn -0.6565 0.4726 -0.5879
vn -0.5834 -0.1973 -0.7879
vn -0.5890 -0.2003 -0.7829
vn -0.6503 0.4780 -0.5905
vn -0.8044 -0.1749 0.5677
vn -0.2609 -0.3752 0.8895
vn -0.4964 -0.3303 0.8028
vn 0.2193 0.8703 0.4410
vn -0.2889 0.9570 -0.0269
vn -0.2877 0.9574 -0.0259
vn 0.2129 0.8686 0.4474
vn 0.7679 -0.4237 0.4804
vn 0.6976 0.2465 0.6727
vn 0.6946 0.2419 0.6775
vn 0.7659 -0.4281 0.4797
vn -0.1020 -0.8236 -0.5580
vn 0.4034 -0.9113 -0.0828
vn 0.3880 -0.9182 -0.0802
vn -0.1241 -0.8299 -0.5439
vn -0.6246 0.5068 -0.5942
vn -0.5717 -0.1783 -0.8009
vn -0.4097 0.1291 -0.9030
vn -0.5310 0.6242 -0.5730
vn 0.2139 0.8676 0.4490
vn -0.2692 0.9629 -0.0189
vn -0.2255 0.9742 0.0073
vn 0.2177 0.8656 0.4509
vn 0.7669 -0.4286 0.4777
vn 0.6940 0.2422 0.6780
vn 0.6936 0.2443 0.6777
vn 0.7800 -0.4052 0.4769
vn 0.8123 0.5614 0.1582
vn 0.3871 0.7581 0.5249
vn 0.7044 0.7038 0.0922
vn -0.1267 -0.8278 -0.5465
vn 0.3733 -0.9231 -0.0922
vn 0.4597 -0.8810 -0.1117
vn 0.1299 -0.7890 -0.6005
vn 0.7506 0.1968 0.6307
vn 0.8428 -0.0754 0.5329
vn 0.9531 -0.1880 0.2370
vn -0.4878 0.3679 0.7916
vn -0.7839 -0.2283 0.5774
vn -0.8275 -0.1926 0.5274
vn -0.5602 0.4283 0.7090
vn 0.6337 0.7727 0.0380
vn 0.1519 0.8207 0.5508
vn 0.0931 0.8711 0.4822
vn 0.6178 0.7861 0.0194
vn 0.4812 -0.3620 -0.7984
vn 0.7816 0.2304 -0.5797
vn 0.8240 0.1957 -0.5317
vn 0.5503 -0.4198 -0.7218
vn -0.6339 -0.7724 -0.0382
vn -0.1568 -0.8166 -0.5555
vn -0.1006 -0.8654 -0.4908
vn -0.6183 -0.7857 -0.0199
vn -0.5684 0.4334 0.6994
vn -0.8333 -0.1913 0.5187
vn -0.8319 -0.1957 0.5192
vn -0.5630 0.4325 0.7043
vn 0.6181 0.7860 0.0165
vn 0.0915 0.8767 0.4723
vn 0.1097 0.8722 0.4767
vn 0.6292 0.7769 0.0228
vn 0.5617 -0.4278 -0.7081
vn 0.8310 0.1934 -0.5215
vn 0.8262 0.2018 -0.5260
vn 0.5452 -0.4173 -0.7271
vn -0.5018 -0.1912 -0.8436
vn -0.0856 -0.2676 -0.9597
vn 0.1905 -0.3289 -0.9249
vn -0.6172 -0.7867 -0.0157
vn -0.0953 -0.8735 -0.4773
vn -0.1156 -0.8665 -0.4856
vn -0.6220 -0.7829 -0.0156
vn -0.5610 0.4434 0.6991
vn -0.8267 -0.2076 0.5229
vn -0.8044 -0.2432 0.5420
vn -0.5901 0.4814 0.6482
vn 0.6276 0.7785 0.0083
vn 0.1331 0.8804 0.4551
vn 0.0831 0.9413 0.3272
vn 0.4715 0.8770 -0.0921
vn 0.4857 -0.3843 -0.7851
vn 0.7913 0.2337 -0.5650
vn 0.5477 0.3694 -0.7507
vn 0.2038 -0.2786 -0.9385
vn -0.6209 -0.7838 0.0058
vn -0.1748 -0.8582 -0.4826
vn -0.3219 -0.8781 -0.3540
vn -0.5739 -0.8117 0.1086
vn 0.7643 0.0192 -0.6446
vn 0.4204 0.1614 -0.8928
vn 0.2219 0.3274 -0.9185
vn -0.7536 0.4510 0.4782
vn -0.7509 -0.3119 0.5820
vn -0.7288 -0.2349 0.6432
vn -0.7840 0.4378 0.4401
vn 0.2184 0.8866 -0.4077
vn -0.2997 0.9536 -0.0271
vn -0.3802 0.9193 -0.1015
vn 0.1586 0.8304 -0.5341
vn 0.8204 -0.4094 -0.3992
vn 0.7768 0.2273 -0.5873
vn 0.6681 0.1974 -0.7174
vn 0.7293 -0.4639 -0.5029
vn -0.4866 -0.7870 -0.3793
vn -0.8288 -0.5591 0.0213
vn -0.6979 -0.7109 0.0865
vn -0.2680 -0.8765 0.4000
vn 0.3674 -0.9274 0.0699
vn 0.3244 -0.9453 0.0354
vn -0.2267 -0.8584 0.4602
vn -0.7886 0.4361 0.4335
vn -0.7236 -0.2266 0.6520
vn -0.7250 -0.2255 0.6508
vn -0.7885 0.4359 0.4339
vn 0.1463 0.8202 -0.5530
vn -0.3937 0.9121 -0.1145
vn -0.3928 0.9125 -0.1146
vn 0.1536 0.8194 -0.5523
vn 0.7125 -0.4716 -0.5195
vn 0.6495 0.1913 -0.7359
vn 0.6547 0.1893 -0.7318
vn 0.7049 -0.4724 -0.5291
vn -0.2227 -0.8555 0.4674
vn 0.3151 -0.9487 0.0270
vn 0.2910 -0.9567 0.0109
vn -0.2409 -0.8541 0.4610
vn -0.7952 0.4299 0.4277
vn -0.7378 -0.2219 0.6375
vn -0.8019 -0.2087 0.5598
vn -0.8338 0.3953 0.3853
vn 0.1482 0.8094 -0.5683
vn -0.4047 0.9058 -0.1252
vn -0.4884 0.8540 -0.1791
vn 0.0381 0.7644 -0.6436
vn 0.6854 -0.4678 -0.5580
vn 0.6569 0.1710 -0.7343
vn 0.6274 0.0912 -0.7733
vn 0.6348 -0.4235 -0.6463
vn 0.5425 0.8051 -0.2397
vn 0.6647 0.7292 -0.1626
vn 0.2672 0.9387 -0.2179
vn 0.9103 0.1503 -0.3858
vn 0.8910 0.3920 0.2292
vn 0.9582 0.2843 0.0326
vn -0.2945 -0.8469 0.4428
vn 0.2133 -0.9768 -0.0176
vn -0.1190 -0.9885 -0.0930
vn -0.4457 -0.8261 0.3449
vn -0.2785 0.1717 0.9450
vn -0.8023 0.0595 0.5939
vn -0.8393 0.0958 0.5352
vn -0.2824 0.1787 0.9425
vn 0.4588 -0.8808 0.1169
vn -0.2723 -0.9232 0.2714
vn 0.1377 -0.9890 0.0543
vn -0.8975 0.1857 -0.4000
vn -0.9105 0.3301 -0.2490
vn -0.6811 -0.0703 -0.7288
vn 0.9630 0.1086 0.2468
vn 0.5403 0.1741 0.8233
vn 0.5313 0.1872 0.8262
vn 0.9555 0.1287 0.2655
vn 0.3812 -0.2019 -0.9021
vn 0.8418 -0.0193 -0.5394
vn 0.8421 -0.0012 -0.5393
vn 0.2972 -0.1241 -0.9467
vn -0.9585 -0.1788 -0.2221
vn -0.6388 -0.3585 -0.6808
vn -0.5494 -0.1661 -0.8189
vn -0.9607 -0.0609 -0.2706
vn -0.2941 0.1649 0.9414
vn -0.8519 0.0879 0.5163
vn -0.8886 0.0395 0.4569
vn -0.3644 0.1029 0.9255
vn 0.9370 0.1623 0.3093
vn 0.5064 0.1845 0.8424
vn 0.4202 0.1211 0.8993
vn 0.8397 0.2040 0.5033
vn 0.3015 -0.0732 -0.9507
vn 0.8486 0.0484 -0.5268
vn 0.8567 0.2660 -0.4419
vn 0.3482 0.2043 -0.9149
vn -0.9470 -0.0541 -0.3167
vn -0.5137 -0.1330 -0.8476
vn -0.5036 0.0024 -0.8639
vn -0.9192 -0.0209 -0.3932
vn 0.9976 0.0384 -0.0578
vn 0.8206 -0.5332 -0.2056
vn 0.7290 -0.4781 -0.4899
vn 0.9309 0.1739 -0.3212
vn 0.1218 0.7552 0.6441
vn 0.6583 0.6639 0.3547
vn 0.5904 0.8018 0.0928
vn -0.0217 0.9059 0.4229
vn -0.7285 -0.2696 0.6298
vn -0.5515 0.3020 0.7776
vn -0.6975 0.4510 0.5569
vn -0.8994 -0.2010 0.3882
vn 0.1473 -0.9865 -0.0721
vn -0.3892 -0.8952 0.2172
vn -0.5588 -0.8289 -0.0258
vn 0.0532 -0.9330 -0.3559
vn 0.6470 0.2131 0.7321
vn 0.5696 -0.1375 0.8104
vn 0.8289 0.1152 0.5475
vn 0.9245 0.1814 -0.3353
vn 0.7239 -0.4651 -0.5097
vn 0.7799 -0.4650 -0.4191
vn 0.9686 0.1458 -0.2012
vn -0.0292 0.9170 0.3979
vn 0.5823 0.8091 0.0787
vn 0.6284 0.7519 0.1995
vn 0.0100 0.8954 0.4451
vn 0.2859 0.7132 -0.6400
vn 0.2727 0.6167 -0.7385
vn 0.6969 0.6236 -0.3543
vn -0.9166 -0.1843 0.3549
vn -0.7137 0.4667 0.5224
vn -0.7006 0.4983 0.5108
vn -0.9179 -0.1740 0.3566
vn 0.0360 -0.9219 -0.3857
vn -0.5741 -0.8165 -0.0610
vn -0.5724 -0.8176 -0.0625
vn 0.0221 -0.9310 -0.3644
vn 0.9164 0.1893 -0.3528
vn 0.8324 -0.5066 -0.2248
vn 0.8700 -0.4762 -0.1278
vn 0.9152 0.1943 -0.3530
vn -0.1951 0.9807 0.0113
vn 0.4405 0.8658 -0.2373
vn 0.4022 0.8504 -0.3394
vn -0.2471 0.9621 -0.1150
vn -0.8834 -0.1843 0.4310
vn -0.7994 0.5137 0.3115
vn -0.8307 0.5023 0.2399
vn -0.8744 -0.1732 0.4533
vn 0.2347 -0.9682 0.0868
vn -0.4006 -0.8560 0.3268
vn -0.3518 -0.8186 0.4541
vn 0.2952 -0.9244 0.2413
vn 0.9226 -0.2895 0.2550
vn 0.8443 -0.2809 0.4563
vn 0.5142 -0.2827 0.8097
vn 0.9145 0.1973 -0.3533
vn 0.8767 -0.4654 -0.1218
vn 0.8768 -0.4641 -0.1259
vn 0.9142 0.1983 -0.3533
vn -0.2574 0.9562 -0.1394
vn 0.3977 0.8445 -0.3586
vn 0.3980 0.8436 -0.3604
vn -0.2587 0.9554 -0.1423
vn -0.8744 -0.1675 0.4554
vn -0.8369 0.4974 0.2284
vn -0.8375 0.4966 0.2280
vn -0.8750 -0.1661 0.4548
vn 0.3005 -0.9199 0.2518
vn -0.3542 -0.8105 0.4666
vn -0.3583 -0.8109 0.4627
vn 0.2985 -0.9224 0.2452
vn 0.9144 0.1982 -0.3529
vn 0.8768 -0.4640 -0.1265
vn 0.8767 -0.4641 -0.1263
vn 0.9158 0.1963 -0.3505
vn -0.2585 0.9555 -0.1421
vn 0.3990 0.8435 -0.3597
vn 0.4057 0.8425 -0.3544
vn -0.2558 0.9568 -0.1384
vn -0.8758 -0.1655 0.4535
vn -0.8380 0.4964 0.2268
vn -0.8400 0.4961 0.2200
vn -0.8802 -0.1623 0.4459
vn 0.2981 -0.9228 0.2441
vn -0.3592 -0.8110 0.4619
vn -0.3620 -0.8104 0.4606
vn 0.2980 -0.9228 0.2441
vn 0.9223 0.1924 -0.3351
vn 0.8833 -0.4541 -0.1165
vn 0.9198 -0.3871 -0.0640
vn 0.9460 0.1903 -0.2624
vn -0.3715 -0.6047 0.7046
vn 0.1665 -0.8027 0.5727
vn -0.3388 -0.7171 0.6091
vn -0.1340 0.9716 0.1948
vn -0.2712 0.9560 -0.1122
vn -0.5194 0.8255 -0.2209
vn -0.2220 0.9691 -0.1072
vn 0.4330 0.8397 -0.3276
vn 0.5316 0.8252 -0.1909
vn 0.0546 0.9935 0.1002
vn -0.8827 -0.1449 0.4470
vn -0.8366 0.4958 0.2328
vn -0.8004 0.4576 0.3872
vn -0.8492 -0.0983 0.5188
vn 0.3111 -0.9141 0.2600
vn -0.3505 -0.8050 0.4786
vn -0.2257 -0.7783 0.5858
vn 0.3993 -0.8494 0.3450
vn -0.3345 0.4895 0.8053
vn -0.7415 0.5641 0.3633
vn -0.8661 0.3297 0.3756
vn -0.3975 0.2437 0.8846
vn 0.8826 0.2134 0.4190
vn 0.4531 0.3194 0.8323
vn 0.4038 0.0706 0.9121
vn 0.8984 -0.0515 0.4361
vn 0.4969 0.2584 -0.8284
vn 0.9038 0.1838 -0.3865
vn 0.9200 -0.0816 -0.3833
vn 0.4514 0.0044 -0.8923
vn -0.7202 0.5346 -0.4422
vn -0.2907 0.4286 -0.8555
vn -0.3500 0.1775 -0.9198
vn -0.8445 0.2996 -0.4438
vn -0.4066 0.2111 0.8889
vn -0.8766 0.2973 0.3784
vn 0.8944 -0.0852 0.4391
vn 0.3984 0.0373 0.9165
vn 0.4461 -0.0292 -0.8945
vn 0.9161 -0.1154 -0.3840
vn 0.0593 -0.9684 -0.2421
vn -0.3038 -0.8495 -0.4314
vn -0.4567 -0.7646 -0.4548
vn -0.8549 0.2671 -0.4448
vn -0.3589 0.1447 -0.9221
vn -0.8766 0.2974 0.3784
vn -0.4066 0.2112 0.8889
vn -0.4068 0.2113 0.8888
vn -0.8768 0.2970 0.3782
vn -0.8779 0.2957 0.3767
vn -0.4077 0.2118 0.8882
vn 0.8944 -0.0851 0.4391
vn 0.3983 0.0374 0.9165
vn 0.3982 0.0380 0.9165
vn 0.8945 -0.0846 0.4390
vn 0.4459 -0.0293 -0.8946
vn 0.9160 -0.1153 -0.3841
vn 0.9159 -0.1146 -0.3848
vn 0.4444 -0.0295 -0.8953
vn -0.8551 0.2664 -0.4448
vn -0.3592 0.1441 -0.9221
vn -0.3609 0.1418 -0.9218
vn -0.8559 0.2631 -0.4452
vn -0.4108 0.2111 0.8869
vn -0.8827 0.2849 0.3737
vn -0.8974 0.2321 0.3753
vn -0.4162 0.2019 0.8866
vn 0.8956 -0.0763 0.4382
vn 0.3987 0.0450 0.9160
vn 0.4023 0.0800 0.9120
vn 0.9005 -0.0326 0.4337
vn 0.4399 -0.0349 -0.8974
vn 0.9155 -0.1113 -0.3866
vn 0.9157 -0.0980 -0.3898
vn 0.4320 -0.0660 -0.8995
vn -0.8607 0.2450 -0.4462
vn -0.3675 0.1263 -0.9214
vn -0.3849 0.0524 -0.9215
vn -0.8806 0.1633 -0.4447
vn 0.4902 0.0457 0.8704
vn -0.1628 0.0694 0.9842
vn -0.1713 0.1334 0.9762
vn 0.4782 0.1630 0.8630
vn -0.2312 -0.6883 0.6876
vn -0.1387 -0.7192 0.6808
vn -0.7217 -0.4220 0.5487
vn 0.8632 -0.0555 -0.5019
vn 0.9914 -0.0544 0.1190
vn 0.9653 0.1506 0.2131
vn 0.8939 0.0826 -0.4407
vn -0.4791 -0.0381 -0.8769
vn 0.2163 -0.0956 -0.9716
vn 0.2626 0.0038 -0.9649
vn -0.4662 0.0279 -0.8842
vn -0.8535 0.0635 0.5172
vn -0.9837 0.0440 -0.1743
vn -0.9767 0.0262 -0.2132
vn -0.8930 0.0493 0.4474
vn -0.2782 -0.0290 0.9601
vn -0.8198 -0.0048 0.5726
vn -0.8155 0.2738 0.5099
vn -0.2586 0.2841 0.9232
vn 0.9337 -0.0509 0.3544
vn 0.5081 -0.0400 0.8604
vn 0.5417 0.1421 0.8285
vn 0.9484 0.0350 0.3153
vn 0.2791 -0.0325 -0.9597
vn 0.8342 -0.0170 -0.5513
vn 0.8455 -0.0568 -0.5310
vn 0.2041 -0.1536 -0.9668
vn -0.3846 0.3199 -0.8659
vn -0.2378 -0.3357 -0.9115
vn -0.3638 0.2221 -0.9046
vn -0.9627 0.0214 -0.2696
vn -0.5436 -0.0245 -0.8390
vn -0.5892 -0.0799 -0.8040
vn -0.9566 0.0928 -0.2762
vn 0.2431 -0.1242 -0.9620
vn -0.1971 0.1434 -0.9698
vn 0.1527 -0.3677 -0.9173
vn 0.9560 -0.0643 0.2861
vn 0.5926 -0.3505 0.7253
vn 0.4901 -0.1492 0.8588
vn 0.9444 -0.0526 0.3246
vn 0.3177 0.0863 -0.9442
vn 0.8591 0.0880 -0.5042
vn 0.8710 0.0889 -0.4832
vn 0.3436 0.1834 -0.9210
vn 0.1785 0.2495 -0.9518
vn 0.0147 -0.2833 -0.9589
vn 0.2338 -0.3536 -0.9057
vn -0.9298 -0.0113 -0.3679
vn -0.5284 0.0713 -0.8460
vn -0.5035 0.2029 -0.8399
vn -0.9418 0.1098 -0.3178
vn -0.2536 -0.5045 0.8254
vn -0.8058 -0.3588 0.4710
vn -0.8542 -0.0842 0.5131
vn -0.3071 -0.1624 0.9377
vn 0.9350 -0.0242 0.3539
vn 0.4520 -0.1106 0.8851
vn 0.3975 -0.1026 0.9118
vn 0.8825 0.0481 0.4678
vn 0.3850 0.1902 -0.9031
vn 0.8783 0.0927 -0.4691
vn 0.8358 0.2429 -0.4924
vn 0.4358 0.2926 -0.8512
vn 0.6779 0.6198 0.3954
vn 0.4555 0.7650 0.4553
vn 0.0482 0.8561 0.5145
vn -0.9391 0.1131 -0.3244
vn -0.4807 0.2135 -0.8505
vn -0.5258 0.2421 -0.8154
vn -0.9397 0.1054 -0.3255
vn -0.3502 -0.1267 0.9281
vn -0.8717 -0.0512 0.4874
vn -0.8774 -0.0532 0.4767
vn -0.3830 -0.1306 0.9145
vn -0.4211 0.1835 0.8883
vn -0.9124 0.1354 0.3862
vn -0.9153 0.0711 0.3966
vn -0.4230 0.1709 0.8899
vn 0.9052 0.0467 0.4225
vn 0.4058 0.1431 0.9027
vn 0.4053 0.1839 0.8955
vn 0.9054 0.0979 0.4130
vn 0.4250 -0.1237 -0.8967
vn 0.9159 -0.0750 -0.3944
vn 0.9153 -0.0605 -0.3983
vn 0.4232 -0.1619 -0.8915
vn -0.9020 0.0153 -0.4315
vn -0.4021 -0.0819 -0.9119
vn -0.4052 -0.1705 -0.8982
vn -0.9057 -0.0828 -0.4159
vn 0.2399 0.9264 0.2902
vn 0.3302 0.8805 -0.3402
vn 0.3608 0.9233 -0.1316
vn -0.4245 0.1663 0.8900
vn -0.9151 0.0565 0.3992
vn -0.9175 0.0364 0.3961
vn -0.4333 0.1526 0.8883
vn 0.9053 0.1050 0.4117
vn 0.4037 0.1890 0.8951
vn 0.4002 0.1857 0.8974
vn 0.9037 0.1073 0.4146
vn 0.4242 -0.1661 -0.8902
vn 0.9152 -0.0566 -0.3991
vn 0.9183 -0.0438 -0.3935
vn 0.4305 -0.1512 -0.8898
vn -0.9051 -0.1030 -0.4126
vn -0.4032 -0.1870 -0.8958
vn -0.3947 -0.1859 -0.8998
vn -0.9012 -0.1132 -0.4184
vn -0.4534 0.1463 0.8792
vn -0.9228 0.0271 0.3843
vn -0.8971 0.1617 0.4112
vn -0.4311 0.2369 0.8707
vn 0.6268 -0.7790 -0.0143
vn 0.4324 -0.8685 -0.2422
vn 0.1717 -0.8286 -0.5328
vn 0.9012 0.1109 0.4190
vn 0.3991 0.1888 0.8972
vn 0.4513 0.2201 0.8648
vn 0.9118 0.1005 0.3982
vn 0.4587 -0.0934 -0.8837
vn 0.9275 -0.0158 -0.3735
vn 0.9398 0.0142 -0.3413
vn 0.5939 0.1001 -0.7983
vn -0.7558 0.6474 0.0980
vn -0.3087 0.7389 0.5989
vn -0.5658 0.7530 0.3359
vn -0.8893 -0.0906 -0.4482
vn -0.3732 -0.1342 -0.9180
vn -0.2742 0.2676 -0.9237
vn -0.8469 0.2099 -0.4885
vn -0.2625 0.8040 -0.5336
vn 0.3188 0.7051 -0.6334
vn 0.1809 0.2223 -0.9581
vn -0.4004 0.3211 -0.8582
vn 0.7336 0.6523 0.1908
vn 0.3571 0.7164 0.5994
vn 0.5180 0.2301 0.8239
vn 0.8944 0.1660 0.4153
vn -0.3576 0.8507 -0.3852
vn 0.0530 0.7833 -0.6194
vn -0.3058 0.9380 -0.1632
vn -0.7785 -0.5799 0.2401
vn -0.9932 -0.1040 -0.0521
vn -0.7642 -0.3145 -0.5631
vn -0.5495 -0.7903 -0.2709
vn -0.2313 -0.3707 0.8995
vn -0.6143 -0.0527 0.7873
vn -0.7993 -0.3928 0.4548
vn -0.4163 -0.7108 0.5670
vn 0.2531 0.8493 -0.4632
vn 0.6943 0.5559 -0.4571
vn 0.4925 0.2444 -0.8353
vn 0.0512 0.5378 -0.8415
vn 0.8752 0.3224 0.3605
vn 0.6601 0.1482 0.7364
vn 0.7554 -0.2848 0.5902
vn 0.9705 -0.1105 0.2143
vn -0.8255 -0.0394 -0.5631
vn -0.3694 0.0676 -0.9268
vn -0.1800 -0.4896 -0.8532
vn -0.6361 -0.5966 -0.4894
vn 0.5141 0.4184 -0.7488
vn 0.8504 0.3360 -0.4049
vn 0.8460 -0.1394 -0.5146
vn 0.5098 -0.0570 -0.8584
vn -0.3538 0.1021 -0.9297
vn 0.2212 0.0043 -0.9752
vn 0.1385 -0.5540 -0.8209
vn -0.4365 -0.4561 -0.7755
vn -0.8905 0.0143 0.4547
vn -0.9958 0.0322 -0.0854
vn -0.8569 -0.4987 -0.1300
vn -0.7517 -0.5166 0.4101
vn -0.1854 0.2960 -0.9370
vn 0.3575 0.2036 -0.9114
vn 0.2647 -0.3397 -0.9025
vn -0.2782 -0.2474 -0.9281
vn -0.1542 0.5819 0.7985
vn -0.6250 0.6140 0.4820
vn -0.7656 0.0859 0.6376
vn -0.2948 0.0538 0.9540
vn -0.0670 0.3455 0.9360
vn -0.2773 -0.2257 0.9339
vn -0.1763 0.2407 0.9545
vn -0.1407 -0.0197 -0.9899
vn 0.4195 -0.1006 -0.9022
vn 0.3131 -0.6298 -0.7109
vn -0.2471 -0.5489 -0.7985
vn 0.5876 0.0069 -0.8091
vn 0.9254 -0.0502 -0.3758
vn 0.7573 -0.5728 -0.3137
vn 0.4195 -0.5156 -0.7471
vn -0.4802 0.0447 0.8760
vn -0.8891 0.1229 0.4409
vn -0.8401 -0.4580 0.2905
vn -0.4313 -0.5363 0.7255
vn -0.4861 -0.8485 0.2092
vn -0.2086 -0.8958 -0.3925
vn 0.3939 -0.9121 -0.1134
vn 0.1165 -0.8649 0.4883
vn -0.6006 0.7938 0.0958
vn -0.3121 0.8558 -0.4125
vn -0.6334 0.4234 -0.6477
vn -0.9219 0.3614 -0.1394
vn 0.7791 0.3783 -0.4998
vn 0.8360 -0.2055 -0.5088
vn 0.8258 0.2353 -0.5125
vn -0.1510 0.9877 0.0400
vn 0.3118 0.9113 -0.2688
vn 0.3127 0.9398 -0.1379
vn 0.3398 0.9193 -0.1985
vn 0.6108 0.7354 0.2934
vn 0.9337 0.3572 -0.0258
vn 0.6627 0.5411 -0.5177
vn -0.3008 0.9296 0.2130
vn -0.1507 0.9622 0.2266
vn 0.3561 0.9333 0.0457
vn 0.3584 -0.5007 -0.7879
vn 0.5509 -0.3838 -0.7410
vn -0.0070 -0.3287 -0.9444
vn -0.2072 -0.4019 -0.8919
vn 0.7104 -0.0761 0.6997
vn 0.1860 0.0131 0.9825
vn 0.0130 -0.5456 0.8380
vn 0.5374 -0.6348 0.5552
vn 0.9839 0.1553 -0.0886
vn 0.8377 -0.4074 -0.3636
vn 0.9856 -0.0292 -0.1668
vn -0.4663 0.0616 -0.8825
vn -0.4639 0.0514 -0.8844
vn 0.2706 0.0769 -0.9596
vn 0.2460 0.0899 -0.9651
vn 0.1792 0.8947 0.4092
vn 0.6175 0.7864 -0.0126
vn 0.2022 0.8627 -0.4636
vn -0.2360 0.9709 -0.0419
vn -0.8628 0.4795 -0.1603
vn -0.8166 0.4443 0.3686
vn -0.7775 0.5888 0.2211
vn -0.7846 0.4057 0.4688
vn -0.6205 0.5950 0.5108
vn -0.7006 0.6389 0.3178
vn -0.9705 0.0092 -0.2411
vn -0.9540 -0.0489 0.2957
vn -0.9366 0.0863 0.3397
vn -0.9729 0.0315 -0.2291
vn -0.4855 0.0589 0.8722
vn -0.6625 0.0874 0.7439
vn 0.0776 0.0840 0.9934
vn 0.2717 0.0471 0.9612
vn -0.6576 0.0868 0.7483
vn -0.4105 -0.1476 0.8998
vn -0.6149 0.4576 0.6423
vn 0.1662 -0.7281 0.6651
vn 0.3522 -0.8651 0.3573
vn 0.6586 -0.7421 0.1245
vn 0.5710 -0.8143 -0.1037
vn 0.6951 -0.4985 -0.5180
vn 0.7452 -0.6054 -0.2795
vn -0.9631 0.1953 -0.1855
vn -0.9498 0.0475 -0.3093
vn -0.9891 0.1292 0.0711
vn -0.9724 0.1035 0.2091
vn 0.9958 0.0783 0.0480
vn 0.8822 0.0204 0.4705
vn 0.7917 0.0317 0.6101
vn 0.9894 -0.0367 0.1408
vn 0.0186 -0.8104 0.5856
vn -0.1600 -0.5764 0.8013
vn -0.5111 -0.3596 0.7807
vn 0.8584 0.0383 -0.5116
vn 0.8508 0.0352 -0.5242
vn 0.9753 0.0526 -0.2145
vn 0.9673 -0.2191 -0.1281
vn 0.2221 0.0889 0.9710
vn -0.0214 0.0878 0.9959
vn 0.5035 0.0532 0.8624
vn 0.6630 0.1518 0.7331
vn -0.7813 0.0255 -0.6236
vn -0.8727 0.0379 -0.4869
vn -0.5640 0.1384 -0.8141
vn -0.4757 -0.0438 -0.8785
vn -0.9606 0.0211 0.2772
vn -0.9998 0.0152 -0.0127
vn -0.7503 0.0802 0.6562
vn -0.5452 0.0728 0.8351
vn 0.4418 0.8787 0.1810
vn 0.4728 0.8709 0.1343
vn 0.0068 0.9987 0.0500
vn -0.0213 0.9808 0.1937
vn 0.1372 -0.9583 -0.2506
vn -0.5055 -0.8607 0.0601
vn -0.5048 -0.8597 0.0781
vn 0.0964 -0.9679 -0.2322
vn -0.7711 0.3426 0.5368
vn -0.8120 0.3652 0.4553
vn -0.8863 -0.2134 0.4110
vn -0.8898 -0.2124 0.4039
vn 0.9756 0.2070 0.0736
vn 0.9679 0.2331 0.0942
vn 0.8721 -0.4831 -0.0776
vn 0.8370 -0.5419 -0.0753
vn 0.8983 -0.2572 -0.3564
vn 0.7148 -0.5453 -0.4377
vn 0.6873 -0.5743 -0.4448
vn 0.8046 -0.1597 -0.5719
vn -0.2692 0.1643 0.9489
vn -0.2711 0.1618 0.9489
vn -0.7391 0.1668 0.6527
vn -0.7257 0.0653 0.6849
vn 0.5464 0.1783 0.8183
vn 0.5459 0.1703 0.8204
vn 0.9696 0.1017 0.2224
vn 0.9754 0.1085 0.1919
vn 0.8501 -0.0336 -0.5256
vn 0.5600 -0.2676 -0.7841
vn 0.6146 -0.0236 -0.7885
vn 0.8372 -0.0344 -0.5459
vn 0.2203 0.8644 0.4520
vn -0.1781 0.9824 0.0567
vn -0.2445 0.9686 0.0451
vn 0.2169 0.8712 0.4404
vn 0.7879 -0.3591 0.5002
vn 0.6908 0.2454 0.6801
vn 0.6805 0.2427 0.6914
vn 0.7464 -0.3981 0.5334
vn -0.8121 -0.0914 0.5764
vn -0.7119 -0.1606 0.6837
vn -0.5935 0.2961 0.7484
vn -0.7059 0.1771 0.6859
vn 0.2043 -0.9616 -0.1833
vn 0.2373 -0.9450 -0.2250
vn -0.1545 -0.9824 -0.1053
vn -0.1034 -0.9565 -0.2727
vn -0.5207 -0.0867 -0.8493
vn -0.7736 -0.1663 -0.6114
vn -0.8088 0.0598 -0.5850
vn -0.5879 -0.0884 -0.8041
vn 0.4691 0.4378 0.7670
vn -0.1264 0.4409 0.8886
vn -0.0119 0.6689 0.7433
vn 0.5747 0.5983 0.5583
vn 0.6152 0.2101 0.7599
vn 0.8779 0.0847 0.4713
vn 0.9239 0.0385 0.3808
vn 0.5673 0.1800 0.8036
vn 0.9137 -0.0467 -0.4036
vn 0.2417 -0.0949 -0.9657
vn 0.1787 -0.0991 -0.9789
vn 0.8723 -0.0568 -0.4857
vn 0.3112 0.0852 -0.9465
vn 0.7764 0.1058 -0.6213
vn 0.7894 -0.0102 -0.6138
vn 0.2919 0.0374 -0.9557
vn -0.5016 0.0755 -0.8618
vn -0.5260 0.0328 -0.8499
vn -0.9563 0.0060 -0.2925
vn -0.9383 0.0467 -0.3425
vn 0.1176 -0.9921 0.0440
vn 0.1900 -0.9808 0.0446
vn -0.4101 -0.8807 -0.2373
vn -0.4963 -0.8669 -0.0467
vn -0.9446 -0.2833 -0.1658
vn -0.8620 -0.3088 -0.4020
vn -0.8637 0.3686 -0.3437
vn -0.8979 0.3680 -0.2417
vn 0.5407 0.8407 0.0304
vn 0.0227 0.9285 -0.3706
vn 0.0363 0.9472 -0.3186
vn 0.5458 0.8371 0.0376
vn 0.8556 0.2109 0.4727
vn 0.8546 0.2024 0.4782
vn 0.6728 -0.3998 0.6224
vn 0.7155 -0.3774 0.5879
vn -0.8771 -0.0528 0.4773
vn -0.3684 -0.1592 0.9160
vn -0.4032 -0.1344 0.9052
vn -0.8781 -0.0539 0.4754
vn -0.6029 0.1324 -0.7867
vn -0.9419 0.0972 -0.3216
vn -0.9431 0.1030 -0.3160
vn -0.6281 0.2256 -0.7447
vn 0.7655 -0.2750 -0.5818
vn 0.4906 -0.4807 -0.7268
vn 0.7871 -0.5503 -0.2787
vn 0.9448 -0.3224 -0.0588
vn -0.9277 0.0566 0.3691
vn -0.9312 0.0223 0.3637
vn -0.7763 -0.0068 0.6303
vn -0.6894 0.2628 0.6750
vn -0.3837 0.7266 0.5700
vn -0.5491 0.8128 0.1944
vn -0.6011 0.7149 0.3572
vn -0.4923 0.6772 0.5468
vn -0.8248 -0.2185 -0.5216
vn -0.6560 -0.3245 -0.6815
vn -0.6946 0.2715 -0.6662
vn -0.7616 0.3969 -0.5123
vn -0.1603 -0.9848 0.0670
vn -0.4221 -0.8699 0.2551
vn -0.4978 -0.8397 0.2170
vn -0.3543 -0.9311 -0.0866
vn -0.8681 -0.0305 0.4954
vn -0.8926 0.2270 0.3896
vn -0.8902 0.3236 0.3208
vn -0.8934 -0.1467 0.4247
vn -0.1605 0.5032 0.8491
vn -0.6979 0.5751 0.4269
vn -0.6536 0.6936 0.3028
vn -0.0072 0.6440 0.7650
vn 0.6701 0.7034 0.2370
vn 0.7984 0.4620 0.3862
vn 0.2692 0.6404 0.7194
vn 0.1407 0.8214 0.5527
vn -0.8214 0.5021 -0.2707
vn -0.4308 0.4672 -0.7721
vn -0.2273 0.5856 -0.7781
vn -0.6545 0.7100 -0.2600
vn 0.1812 -0.9489 0.2584
vn -0.0269 -0.9310 -0.3641
vn 0.0650 -0.9350 -0.3486
vn 0.1496 -0.9460 0.2876
vn 0.1624 0.2661 0.9502
vn 0.2447 -0.3917 0.8870
vn 0.2069 -0.3733 0.9043
vn 0.1882 0.3194 0.9288
vn 0.9797 -0.0996 -0.1741
vn 0.9361 0.1264 -0.3282
vn 0.9715 0.1646 -0.1707
vn 0.9684 -0.2491 -0.0123
vn 0.7396 -0.5299 -0.4149
vn 0.6471 -0.7624 0.0028
vn 0.6210 -0.7692 0.1506
vn 0.6806 -0.7326 -0.0022
vn 0.6525 -0.1499 0.7428
vn 0.6959 0.1036 0.7106
vn 0.3107 -0.1053 0.9446
vn 0.3041 -0.1486 0.9410
vn -0.4013 0.7306 -0.5525
vn -0.5575 0.6199 -0.5523
vn -0.8285 0.4537 -0.3282
vn -0.5088 0.7059 -0.4928
vn -0.6954 0.4808 0.5341
vn -0.6414 0.5027 0.5796
vn -0.7727 -0.2939 0.5627
vn -0.7403 -0.3408 0.5795
vn 0.3541 -0.8303 0.4304
vn 0.3746 -0.7518 0.5426
vn 0.2706 -0.8546 0.4432
vn 0.1653 -0.9836 0.0719
vn 0.2596 0.9471 -0.1888
vn 0.2522 0.9515 -0.1762
vn -0.0541 0.9843 0.1679
vn -0.1745 0.9814 0.0804
vn 0.0656 0.7411 0.6682
vn 0.1282 0.8164 0.5630
vn 0.2726 0.9339 0.2313
vn -0.0262 0.8889 0.4573
vn 0.0667 0.9707 0.2310
vn 0.1765 0.9555 0.2365
vn -0.0895 0.9411 -0.3260
vn -0.1065 0.9287 -0.3551
vn -0.2821 0.3273 -0.9018
vn -0.2779 0.3593 -0.8909
vn -0.2541 -0.3046 -0.9180
vn -0.2817 -0.3218 -0.9039
vn -0.0503 0.7280 -0.6838
vn -0.3649 0.8757 -0.3163
vn -0.4562 0.8514 -0.2586
vn -0.3800 0.8284 -0.4115
vn 0.7833 0.2198 0.5815
vn 0.9714 0.0395 0.2340
vn 0.9442 0.0805 0.3195
vn 0.6102 0.2464 0.7529
vn -0.2700 -0.6522 -0.7083
vn -0.5103 -0.5944 -0.6215
vn -0.0543 -0.5919 -0.8042
vn -0.0187 -0.6799 -0.7331
vn -0.0534 -0.9532 -0.2974
vn -0.5758 -0.8157 -0.0549
vn -0.5817 -0.8114 -0.0569
vn -0.1214 -0.9242 -0.3621
vn -0.6879 0.4855 0.5395
vn -0.7153 0.4603 0.5258
vn -0.9155 -0.1764 0.3615
vn -0.9157 -0.1713 0.3635
vn 0.8280 -0.3794 0.4128
vn 0.5985 -0.6559 0.4601
vn 0.0694 -0.6088 0.7903
vn 0.3779 -0.3968 0.8365
vn 0.7162 -0.0920 -0.6918
vn 0.7623 0.1289 -0.6343
vn 0.9441 0.0229 -0.3288
vn 0.9194 0.0117 -0.3931
vn -0.2442 -0.9691 -0.0338
vn -0.1866 -0.8485 -0.4953
vn -0.1540 -0.7891 -0.5946
vn -0.0639 -0.9381 -0.3404
vn -0.9846 -0.1742 0.0113
vn -0.9803 -0.1504 -0.1282
vn -0.9512 0.2359 0.1988
vn -0.9263 0.2515 0.2805
vn 0.0709 0.9307 0.3589
vn 0.0189 0.9971 0.0740
vn -0.2034 0.8920 0.4037
vn -0.2004 0.8738 0.4430
vn 0.9289 -0.3193 -0.1875
vn 0.8982 -0.4381 -0.0359
vn 0.9804 0.1962 -0.0188
vn 0.9292 0.2781 -0.2432
vn 0.2710 0.4239 -0.8642
vn 0.2148 -0.2123 -0.9533
vn 0.4017 -0.1151 -0.9085
vn 0.4997 0.4934 -0.7119
vn -0.7791 0.3862 0.4938
vn -0.5869 0.5343 0.6083
vn 0.1243 0.5018 0.8560
vn -0.2270 0.4095 0.8836
vn 0.1950 0.7671 0.6112
vn 0.2280 0.6186 0.7519
vn 0.5971 0.5848 0.5491
vn 0.4211 0.6895 0.5893
vn 0.8320 -0.3132 -0.4579
vn 0.7054 -0.4308 -0.5629
vn 0.7384 -0.4058 -0.5385
vn 0.9136 0.0204 -0.4060
vn -0.1486 0.0958 -0.9842
vn -0.3352 0.2951 -0.8947
vn -0.1368 0.3500 -0.9267
vn 0.0166 -0.0329 -0.9993
vn 0.9009 -0.0856 -0.4254
vn 0.5121 -0.0681 -0.8562
vn 0.5747 -0.3603 -0.7348
vn 0.9072 -0.3297 -0.2612
vn 0.4873 -0.8360 -0.2523
vn 0.3488 -0.8674 -0.3548
vn 0.1236 -0.8571 -0.5001
vn 0.1837 -0.7964 -0.5763
vn -0.7184 -0.5573 -0.4163
vn -0.2712 -0.5431 -0.7947
vn -0.4726 -0.2759 -0.8369
vn -0.8397 -0.3160 -0.4416
vn 0.8957 -0.4087 0.1753
vn 0.8996 0.2324 0.3698
vn 0.9917 0.1009 0.0799
vn 0.8612 -0.4903 -0.1342
vn -0.8507 0.3224 -0.4151
vn -0.9169 0.3884 0.0919
vn -0.9658 -0.1752 -0.1911
vn -0.7101 -0.2409 -0.6616
vn 0.7599 0.1598 0.6301
vn 0.9746 0.0835 0.2078
vn 0.8537 -0.5207 0.0080
vn 0.7565 -0.4314 0.4915
vn 0.5847 -0.2309 -0.7777
vn 0.8666 -0.4222 -0.2660
vn 0.7005 -0.6797 -0.2176
vn 0.3781 -0.4609 -0.8029
vn 0.8157 -0.2315 0.5302
vn 0.4798 0.1620 0.8623
vn 0.2651 -0.0377 0.9635
vn 0.6492 -0.4877 0.5836
vn -0.1031 0.7137 0.6928
vn -0.3850 0.9050 0.1812
vn -0.6439 0.7363 0.2077
vn -0.3215 0.5175 0.7929
vn -0.3340 0.7142 -0.6151
vn 0.0018 0.3208 -0.9471
vn -0.2085 0.0944 -0.9734
vn -0.5927 0.5444 -0.5936
vn -0.6805 -0.7292 -0.0714
vn -0.3222 -0.6643 -0.6744
vn -0.2583 -0.7243 -0.6393
vn -0.6628 -0.7462 -0.0621
vn 0.2846 -0.1787 -0.9419
vn 0.6597 0.3448 -0.6678
vn 0.7058 0.2991 -0.6422
vn 0.3597 -0.2517 -0.8985
vn 0.6810 0.7287 0.0717
vn 0.3304 0.6558 0.6788
vn 0.2639 0.7188 0.6432
vn 0.6632 0.7459 0.0623
vn -0.2723 0.1670 0.9476
vn -0.6555 -0.3486 0.6700
vn -0.7030 -0.3016 0.6441
vn -0.3513 0.2440 0.9039
vn -0.6842 -0.7259 -0.0710
vn -0.3391 -0.6519 -0.6782
vn -0.3369 -0.6530 -0.6784
vn -0.6839 -0.7260 -0.0715
vn 0.2680 -0.1598 -0.9501
vn 0.6516 0.3569 -0.6693
vn 0.6520 0.3554 -0.6698
vn 0.2698 -0.1623 -0.9491
vn 0.6842 0.7258 0.0710
vn 0.3396 0.6514 0.6785
vn 0.3404 0.6494 0.6800
vn 0.6842 0.7258 0.0716
vn -0.2673 0.1591 0.9504
vn -0.6514 -0.3572 0.6694
vn -0.6502 -0.3571 0.6706
vn -0.2646 0.1573 0.9514
vn -0.6842 -0.7258 -0.0709
vn -0.3395 -0.6517 -0.6783
vn 0.2677 -0.1594 -0.9502
vn 0.6516 0.3571 -0.6693
vn 0.3395 0.6517 0.6783
vn -0.2677 0.1594 0.9502
vn -0.6516 -0.3571 0.6693
vn -0.8699 -0.4535 -0.1940
vn -0.5684 -0.3886 -0.7252
vn -0.3663 -0.6237 -0.6905
vn -0.7114 -0.6979 -0.0825
vn 0.0330 0.0989 -0.9945
vn 0.3687 0.5508 -0.7488
vn 0.6237 0.3845 -0.6805
vn 0.2394 -0.1327 -0.9618
vn 0.4011 0.9159 -0.0157
vn 0.0996 0.8511 0.5155
vn 0.3112 0.6781 0.6659
vn 0.6563 0.7523 0.0579
vn -0.5018 0.3635 0.7849
vn -0.8376 -0.0883 0.5391
vn -0.6788 -0.3302 0.6559
vn -0.2945 0.1870 0.9372
vn -0.9962 0.0455 -0.0743
vn -0.7021 -0.0046 -0.7120
vn -0.7055 -0.2823 -0.6501
vn -0.9680 -0.2375 -0.0807
vn 0.0715 -0.0606 -0.9956
vn 0.7101 -0.0779 -0.6997
vn 0.6488 -0.3544 -0.6734
vn 0.0786 -0.3390 -0.9375
vn 0.9959 -0.0507 0.0746
vn 0.7018 -0.0006 0.7123
vn 0.6759 -0.2821 0.6808
vn 0.9385 -0.3269 0.1114
vn -0.0717 0.0553 0.9959
vn -0.7104 0.0727 0.7000
vn -0.6784 -0.2100 0.7041
vn -0.1082 -0.2255 0.9682
vn -0.9934 0.0846 -0.0774
vn -0.7003 0.0347 -0.7130
vn 0.0745 -0.0213 -0.9970
vn 0.7110 -0.0386 -0.7021
vn 0.9972 -0.0114 0.0734
vn 0.7041 0.0386 0.7090
vn -0.0706 0.0946 0.9930
vn -0.7072 0.1119 0.6981
vn -0.9934 0.0846 -0.0773
vn -0.9929 0.0657 -0.0987
vn -0.7025 -0.0633 -0.7088
vn -0.7015 0.0221 -0.7124
vn -0.9935 0.0818 -0.0796
vn 0.0537 -0.1495 -0.9873
vn 0.6662 -0.1589 -0.7286
vn 0.7064 -0.0557 -0.7056
vn 0.0718 -0.0390 -0.9967
vn 0.9949 -0.0367 0.0945
vn 0.7293 0.0416 0.6829
vn 0.7071 0.0397 0.7060
vn 0.9970 -0.0163 0.0755
vn -0.0390 0.1040 0.9938
vn -0.7130 0.1457 0.6858
vn -0.7069 0.1163 0.6977
vn -0.0681 0.0973 0.9929
vn -0.8623 -0.2109 -0.4604
vn -0.5082 -0.0864 -0.8569
vn -0.5081 0.0989 -0.8556
vn -0.9296 0.0598 -0.3637
vn 0.2730 -0.0732 -0.9592
vn 0.8941 0.0459 -0.4454
vn 0.8278 0.0134 -0.5608
vn 0.2649 0.0581 -0.9625
vn 0.8927 0.1288 0.4318
vn 0.5271 0.0618 0.8476
vn 0.5278 0.1829 0.8294
vn 0.9617 0.0777 0.2629
vn -0.3022 -0.3350 0.8924
vn -0.8050 -0.4236 0.4154
vn -0.8300 0.0302 0.5570
vn -0.2892 0.0931 0.9527
vn 0.2312 -0.9622 0.1436
vn -0.2097 -0.8971 -0.3889
vn -0.3691 -0.9195 -0.1353
vn 0.0330 -0.9236 0.3819
vn -0.6156 -0.2608 -0.7436
vn -0.6826 0.4021 -0.6103
vn -0.7617 0.2607 -0.5932
vn -0.6923 -0.2600 -0.6731
vn -0.3354 0.9417 -0.0273
vn 0.1544 0.8634 0.4803
vn 0.1617 0.8184 0.5515
vn -0.4351 0.8976 0.0709
vn 0.5643 0.2531 0.7858
vn 0.5856 -0.4270 0.6890
vn 0.5057 -0.3105 0.8049
vn 0.5675 0.2429 0.7867
vn 0.2738 -0.9592 0.0710
vn -0.2076 -0.8771 -0.4331
vn -0.2004 -0.8799 -0.4308
vn 0.2679 -0.9596 0.0858
vn -0.6431 -0.2386 -0.7277
vn -0.6851 0.4454 -0.5764
vn -0.6772 0.4388 -0.5907
vn -0.6270 -0.2435 -0.7399
vn -0.3173 0.9478 -0.0304
vn 0.1658 0.8657 0.4723
vn 0.1626 0.8665 0.4720
vn -0.3173 0.9477 -0.0355
vn 0.6011 0.2278 0.7660
vn 0.6412 -0.4569 0.6165
vn 0.6242 -0.4525 0.6369
vn 0.5872 0.2353 0.7745
vn 0.2728 -0.9596 0.0692
vn -0.2116 -0.8774 -0.4305
vn -0.2091 -0.8769 -0.4329
vn 0.2748 -0.9590 0.0687
vn -0.6466 -0.2394 -0.7243
vn -0.6865 0.4468 -0.5737
vn -0.6866 0.4462 -0.5740
vn -0.6459 -0.2382 -0.7253
vn -0.3189 0.9475 -0.0254
vn 0.1614 0.8641 0.4766
vn 0.1657 0.8654 0.4729
vn -0.3177 0.9478 -0.0291
vn 0.6004 0.2284 0.7664
vn 0.6444 -0.4567 0.6133
vn 0.6442 -0.4572 0.6131
vn 0.6030 0.2270 0.7647
vn 0.1865 -0.9709 0.1500
vn -0.3223 -0.8918 -0.3175
vn -0.2310 -0.8815 -0.4118
vn 0.2571 -0.9631 0.0801
vn -0.7153 -0.2528 -0.6514
vn -0.6788 0.4519 -0.5787
vn -0.6852 0.4487 -0.5737
vn -0.6572 -0.2445 -0.7130
vn -0.2199 0.9690 -0.1123
vn 0.2833 0.8893 0.3591
vn 0.1719 0.8673 0.4671
vn -0.3058 0.9516 -0.0301
vn 0.6817 0.2522 0.6868
vn 0.6507 -0.4522 0.6100
vn 0.6455 -0.4549 0.6135
vn 0.6073 0.2363 0.7585
vn -0.0096 -0.9378 0.3469
vn -0.5623 -0.8269 -0.0018
vn -0.6025 -0.7754 0.1889
vn -0.0927 -0.8985 0.4290
vn -0.8959 -0.1422 -0.4209
vn -0.6496 0.5167 -0.5577
vn -0.6076 0.5953 -0.5257
vn -0.9268 0.0957 -0.3632
vn -0.0106 0.9385 -0.3452
vn 0.5450 0.8373 0.0441
vn 0.5470 0.8361 0.0402
vn 0.0074 0.9432 -0.3321
vn 0.8555 0.2017 0.4769
vn 0.6501 -0.4768 0.5916
vn 0.6454 -0.4591 0.6105
vn 0.8567 0.1960 0.4772
vn 0.0854 -0.9639 0.2521
vn -0.4550 -0.8738 -0.1717
vn -0.5441 -0.8378 -0.0444
vn 0.0179 -0.9410 0.3378
vn -0.7962 -0.2351 -0.5575
vn -0.6602 0.4627 -0.5917
vn -0.6599 0.4761 -0.5813
vn -0.8645 -0.1999 -0.4611
vn -0.0913 0.9651 -0.2456
vn 0.4439 0.8765 0.1864
vn 0.5283 0.8462 0.0696
vn -0.0260 0.9423 -0.3339
vn 0.7890 0.2372 0.5668
vn 0.6594 -0.4618 0.5932
vn 0.6571 -0.4672 0.5916
vn 0.8447 0.2143 0.4905
vn 0.3032 -0.9527 0.0200
vn -0.1680 -0.8597 -0.4824
vn -0.2734 -0.8829 -0.3818
vn 0.2213 -0.9705 0.0958
vn -0.6111 -0.2261 -0.7586
vn -0.6640 0.4607 -0.5889
vn -0.6622 0.4612 -0.5906
vn -0.6786 -0.2425 -0.6933
vn -0.2925 0.9558 -0.0307
vn 0.1877 0.8654 0.4646
vn 0.2871 0.8845 0.3677
vn -0.2139 0.9713 -0.1040
vn 0.6199 0.2279 0.7508
vn 0.6640 -0.4607 0.5889
vn 0.6622 -0.4612 0.5906
vn 0.6847 0.2428 0.6872
vn 0.3147 -0.9490 0.0192
vn -0.1617 -0.8576 -0.4882
vn -0.1579 -0.8565 -0.4914
vn 0.3156 -0.9487 0.0159
vn -0.6069 -0.2173 -0.7645
vn -0.6643 0.4605 -0.5888
vn -0.6047 -0.2186 -0.7659
vn -0.3141 0.9492 -0.0198
vn 0.1629 0.8580 0.4872
vn 0.1663 0.8591 0.4841
vn -0.3110 0.9502 -0.0202
vn 0.6074 0.2174 0.7640
vn 0.6643 -0.4604 0.5888
vn 0.6643 -0.4605 0.5888
vn 0.6084 0.2196 0.7627
vn 0.3145 -0.9490 0.0197
vn -0.1623 -0.8578 -0.4877
vn -0.6072 -0.2171 -0.7643
vn -0.6643 0.4604 -0.5888
vn -0.3145 0.9490 -0.0197
vn 0.1623 0.8578 0.4877
vn 0.6072 0.2171 0.7643
vn 0.0359 -0.9754 0.2174
vn -0.3826 -0.8953 -0.2279
vn -0.1915 -0.8658 -0.4623
vn 0.2860 -0.9572 0.0457
vn -0.8248 -0.2586 -0.5028
vn -0.8749 0.3360 -0.3488
vn -0.6925 0.4517 -0.5625
vn -0.6353 -0.2267 -0.7382
vn -0.5273 0.8216 0.2167
vn -0.1088 0.7415 0.6621
vn 0.1339 0.8478 0.5132
vn -0.3435 0.9391 0.0051
vn 0.3334 0.1048 0.9369
vn 0.3835 -0.4898 0.7829
vn 0.6349 -0.4697 0.6134
vn 0.5778 0.2087 0.7891
vn -0.3533 -0.1027 0.9299
vn -0.8826 -0.0324 0.4691
vn -0.8992 0.0156 0.4372
vn -0.4655 0.0727 0.8821
vn -0.9369 0.0996 -0.3351
vn -0.5083 0.1654 -0.8451
vn -0.4887 0.1306 -0.8626
vn -0.9356 0.0770 -0.3446
vn 0.4110 0.1337 -0.9018
vn 0.8848 0.0617 -0.4619
vn 0.8438 0.1292 -0.5208
vn 0.3413 0.1346 -0.9302
vn 0.9362 -0.1123 0.3332
vn 0.5234 -0.1703 0.8349
vn 0.5869 0.1501 0.7956
vn 0.9176 0.1131 0.3811
vn 0.1687 -0.9082 -0.3830
vn 0.1767 -0.9341 0.3103
vn 0.1159 -0.9450 0.3058
vn 0.0422 -0.9251 -0.3773
vn 0.0818 -0.3648 0.9275
vn -0.0334 0.3344 0.9418
vn 0.0946 0.3592 0.9284
vn 0.1470 -0.3576 0.9222
vn -0.1320 0.9167 0.3771
vn -0.1484 0.9389 -0.3106
vn 0.0673 0.9455 -0.3186
vn 0.0822 0.9374 0.3385
vn -0.0584 0.3738 -0.9257
vn 0.0650 -0.3234 -0.9440
vn 0.0135 -0.2927 -0.9561
vn 0.0231 0.3986 -0.9168
vn 0.5543 -0.7620 -0.3349
vn 0.4208 -0.8387 0.3457
vn 0.3316 -0.8859 0.3243
vn 0.4131 -0.8341 -0.3654
vn -0.0095 -0.4011 0.9160
vn -0.3928 0.1933 0.8991
vn -0.2702 0.2614 0.9266
vn 0.0205 -0.3843 0.9230
vn -0.5835 0.7433 0.3271
vn -0.4317 0.8322 -0.3479
vn -0.3383 0.8831 -0.3251
vn -0.4315 0.8260 0.3626
vn 0.0084 0.4005 -0.9162
vn 0.3727 -0.2046 -0.9051
vn 0.2578 -0.2664 -0.9287
vn -0.0211 0.3841 -0.9231
vn 0.5969 -0.7346 -0.3227
vn 0.4387 -0.8252 0.3559
vn 0.4357 -0.8270 0.3553
vn 0.5849 -0.7434 -0.3245
vn -0.0116 -0.4027 0.9153
vn -0.3902 0.1882 0.9013
vn -0.4007 0.1813 0.8981
vn -0.0123 -0.4052 0.9141
vn -0.5832 0.7438 0.3267
vn -0.4370 0.8263 -0.3554
vn -0.4399 0.8243 -0.3564
vn -0.5949 0.7367 0.3215
vn 0.0154 0.4050 -0.9142
vn 0.4060 -0.1780 -0.8964
vn 0.3948 -0.1851 -0.8999
vn 0.0124 0.4053 -0.9141
vn 0.4249 -0.8216 -0.3800
vn 0.3676 -0.8696 0.3296
vn 0.4338 -0.8313 0.3475
vn 0.5878 -0.7365 -0.3347
vn 0.1007 -0.3375 0.9359
vn -0.1767 0.2959 0.9387
vn -0.3552 0.2142 0.9099
vn 0.0017 -0.3872 0.9220
vn -0.3876 0.8421 0.3749
vn -0.3520 0.8747 -0.3330
vn -0.4264 0.8354 -0.3467
vn -0.5493 0.7622 0.3425
vn -0.0535 0.3528 -0.9341
vn 0.2453 -0.2735 -0.9301
vn 0.4015 -0.1881 -0.8963
vn 0.0132 0.3944 -0.9188
vn -0.0431 -0.9100 -0.4124
vn 0.1960 -0.9508 0.2399
vn 0.3597 -0.9182 0.1662
vn 0.0556 -0.8951 -0.4425
vn 0.3823 -0.4051 0.8305
vn 0.3759 0.2889 0.8805
vn 0.4513 0.2250 0.8635
vn 0.4917 -0.4166 0.7646
vn 0.1652 0.9146 0.3690
vn -0.0789 0.9549 -0.2863
vn -0.0832 0.9524 -0.2934
vn 0.1656 0.9201 0.3551
vn -0.2759 0.4012 -0.8735
vn -0.2644 -0.2953 -0.9181
vn -0.2698 -0.3071 -0.9126
vn -0.2799 0.3869 -0.8786
vn -0.1986 -0.9116 -0.3600
vn 0.1007 -0.9573 0.2709
vn 0.1618 -0.9549 0.2490
vn -0.0771 -0.9104 -0.4066
vn 0.4152 -0.4076 0.8133
vn 0.4864 0.2914 0.8237
vn 0.3859 0.2985 0.8729
vn 0.3743 -0.4034 0.8350
vn 0.2935 0.9033 0.3129
vn -0.0116 0.9485 -0.3166
vn -0.0673 0.9546 -0.2901
vn 0.1864 0.9129 0.3630
vn -0.3264 0.3974 -0.8577
vn -0.3917 -0.3012 -0.8694
vn -0.2774 -0.3001 -0.9127
vn -0.2807 0.3996 -0.8727
vn -0.4580 -0.8647 -0.2063
vn -0.0307 -0.9375 0.3465
vn 0.0120 -0.9482 0.3175
vn -0.3763 -0.8880 -0.2643
vn 0.4965 -0.4345 0.7515
vn 0.6944 0.2341 0.6805
vn 0.6255 0.2618 0.7350
vn 0.4713 -0.4209 0.7750
vn 0.5148 0.8418 0.1625
vn 0.1004 0.9127 -0.3961
vn 0.0655 0.9289 -0.3644
vn 0.4419 0.8693 0.2214
vn -0.4261 0.4128 -0.8050
vn -0.6368 -0.2545 -0.7278
vn -0.5593 -0.2778 -0.7810
vn -0.3933 0.4049 -0.8254
vn -0.4656 -0.8625 -0.1981
vn -0.0364 -0.9353 0.3520
vn -0.0367 -0.9353 0.3519
vn -0.4675 -0.8617 -0.1972
vn 0.4990 -0.4426 0.7451
vn 0.7118 0.2212 0.6666
vn 0.7089 0.2240 0.6688
vn 0.4992 -0.4408 0.7460
vn 0.5322 0.8345 0.1426
vn 0.1039 0.9070 -0.4080
vn 0.1042 0.9080 -0.4058
vn 0.5295 0.8356 0.1464
vn -0.4314 0.4144 -0.8014
vn -0.6451 -0.2492 -0.7224
vn -0.6465 -0.2492 -0.7210
vn -0.4313 0.4145 -0.8014
vn -0.4652 -0.8627 -0.1984
vn -0.0363 -0.9353 0.3520
vn -0.4653 -0.8627 -0.1984
vn 0.4989 -0.4428 0.7450
vn 0.7124 0.2207 0.6662
vn 0.4990 -0.4428 0.7449
vn 0.5328 0.8342 0.1419
vn 0.1039 0.9069 -0.4084
vn 0.5328 0.8343 0.1419
vn -0.6448 -0.2492 -0.7226
vn -0.1597 -0.9114 -0.3793
vn 0.2081 -0.9737 0.0927
vn -0.0056 -0.9453 0.3261
vn -0.4339 -0.8728 -0.2235
vn 0.7277 -0.4957 0.4741
vn 0.9107 0.0733 0.4065
vn 0.7407 0.2079 0.6388
vn 0.5276 -0.4548 0.7175
vn 0.7364 0.6688 -0.1022
vn 0.3685 0.7311 -0.5742
vn 0.1335 0.8915 -0.4329
vn 0.5619 0.8189 0.1166
vn -0.1509 0.2531 -0.9556
vn -0.3340 -0.3160 -0.8880
vn -0.6128 -0.2618 -0.7457
vn -0.3996 0.4010 -0.8243
vn -0.5759 -0.8129 -0.0864
vn 0.0371 -0.9167 -0.3977
vn -0.0566 -0.8440 -0.5334
vn -0.6234 -0.7502 -0.2203
vn 0.7511 -0.4365 -0.4952
vn 0.9342 0.2009 -0.2949
vn 0.8755 0.2208 -0.4298
vn 0.7467 -0.3061 -0.5905
vn 0.5693 0.8196 0.0645
vn -0.0705 0.9407 0.3318
vn -0.2618 0.9565 0.1286
vn 0.3897 0.9015 -0.1884
vn -0.7746 0.4504 0.4440
vn -0.9341 -0.2015 0.2947
vn -0.9607 -0.2041 0.1882
vn -0.8754 0.3533 0.3300
vn -0.5671 -0.8212 -0.0638
vn 0.0492 -0.9212 -0.3860
vn 0.0501 -0.9251 -0.3763
vn -0.5685 -0.8204 -0.0623
vn 0.7227 -0.4663 -0.5102
vn 0.9231 0.1843 -0.3376
vn 0.9312 0.1869 -0.3130
vn 0.7359 -0.4641 -0.4931
vn 0.5668 0.8215 0.0626
vn -0.0573 0.9286 0.3667
vn -0.0528 0.9285 0.3676
vn 0.5756 0.8143 0.0743
vn -0.7318 0.4737 0.4899
vn -0.9240 -0.1835 0.3356
vn -0.9257 -0.1905 0.3268
vn -0.7399 0.4682 0.4831
vn -0.5273 -0.8494 0.0204
vn 0.1316 -0.9720 -0.1945
vn 0.0627 -0.9234 -0.3786
vn -0.5573 -0.8283 -0.0585
vn 0.7886 -0.5298 -0.3120
vn 0.9585 0.1469 -0.2442
vn 0.9265 0.1725 -0.3345
vn 0.7213 -0.4776 -0.5016
vn 0.5262 0.8500 -0.0260
vn -0.1395 0.9770 0.1610
vn -0.0792 0.9396 0.3330
vn 0.5549 0.8304 0.0506
vn -0.7988 0.5339 0.2772
vn -0.9604 -0.1464 0.2370
vn -0.9305 -0.1702 0.3244
vn -0.7425 0.4921 0.4544
vn -0.5071 -0.8235 0.2545
vn 0.1825 -0.9122 0.3669
vn 0.1916 -0.9640 0.1843
vn -0.5026 -0.8465 0.1754
vn 0.8442 -0.4662 0.2645
vn 0.9838 0.1779 0.0229
vn 0.9864 0.1500 -0.0667
vn 0.8493 -0.5222 0.0779
vn 0.5072 0.8258 -0.2465
vn -0.1839 0.9294 -0.3201
vn -0.1883 0.9711 -0.1465
vn 0.5033 0.8474 -0.1692
vn -0.8496 0.4818 -0.2147
vn -0.9844 -0.1753 -0.0123
vn -0.9860 -0.1492 0.0750
vn -0.8483 0.5281 -0.0377
vn -0.4308 -0.8986 -0.0836
vn 0.1685 -0.9856 0.0096
vn 0.1760 -0.9253 0.3359
vn -0.5123 -0.8299 0.2210
vn 0.8403 -0.5338 -0.0948
vn 0.9537 0.0325 -0.2990
vn 0.9842 0.1765 -0.0112
vn 0.8515 -0.4707 0.2313
vn 0.4949 0.6491 -0.5777
vn -0.1031 0.7372 -0.6678
vn -0.1713 0.9031 -0.3939
vn 0.5173 0.8028 -0.2964
vn -0.7759 0.2847 -0.5630
vn -0.8886 -0.2813 -0.3623
vn -0.9773 -0.2020 -0.0634
vn -0.8453 0.4497 -0.2884
vn -0.9336 -0.0756 0.3503
vn -0.9663 -0.0096 -0.2571
vn -0.9620 0.0898 -0.2577
vn -0.9503 0.0122 0.3110
vn -0.4498 0.1195 -0.8851
vn 0.2749 0.1803 -0.9444
vn 0.4133 0.4702 -0.7798
vn -0.3596 0.4737 -0.8039
vn 0.9011 0.1147 -0.4181
vn 0.9850 -0.0756 0.1552
vn 0.9460 0.0153 0.3237
vn 0.9669 0.1809 -0.1799
vn 0.3383 -0.2494 0.9074
vn -0.2537 -0.1687 0.9525
vn -0.3292 0.0010 0.9442
vn 0.4044 0.0043 0.9146
vn 0.1000 -0.9528 -0.2867
vn -0.5268 -0.8495 0.0293
vn -0.5165 -0.8554 0.0387
vn 0.1195 -0.9442 -0.3069
vn -0.9032 -0.1906 0.3845
vn -0.7366 0.4732 0.4832
vn -0.7452 0.4405 0.5006
vn -0.8997 -0.1994 0.3884
vn -0.0922 0.9547 0.2831
vn 0.5212 0.8519 -0.0507
vn 0.5695 0.8213 0.0321
vn -0.0069 0.9409 0.3385
vn 0.9036 0.1916 -0.3832
vn 0.7469 -0.4768 -0.4635
vn 0.7807 -0.4468 -0.4369
vn 0.9328 0.1900 -0.3062
vn 0.1909 -0.9787 -0.0756
vn -0.5200 -0.8529 0.0461
vn -0.5256 -0.8502 0.0292
vn 0.1311 -0.9576 -0.2564
vn -0.9712 -0.1339 0.1970
vn -0.8233 0.5176 0.2331
vn -0.7373 0.4783 0.4771
vn -0.9095 -0.1684 0.3800
vn -0.1879 0.9761 0.1094
vn 0.5195 0.8528 -0.0525
vn 0.5165 0.8541 -0.0619
vn -0.1262 0.9539 0.2724
vn 0.9781 0.1352 -0.1580
vn 0.8386 -0.5222 -0.1548
vn 0.7671 -0.4927 -0.4109
vn 0.9190 0.1662 -0.3575
vn 0.0948 -0.8893 0.4473
vn -0.5340 -0.8403 0.0930
vn -0.5236 -0.8481 0.0804
vn 0.1741 -0.9454 0.2756
vn -0.8823 -0.2355 -0.4075
vn -0.6969 0.3861 -0.6043
vn -0.8062 0.4702 -0.3592
vn -0.9596 -0.1696 -0.2244
vn -0.1013 0.8962 -0.4320
vn 0.5090 0.8603 -0.0287
vn 0.5163 0.8557 -0.0342
vn -0.1756 0.9475 -0.2674
vn 0.8776 0.2380 0.4162
vn 0.7169 -0.4007 0.5706
vn 0.8157 -0.4782 0.3257
vn 0.9589 0.1701 0.2273
vn 0.0427 -0.8765 0.4795
vn -0.5406 -0.8364 0.0898
vn -0.5392 -0.8372 0.0912
vn 0.0555 -0.8785 0.4745
vn -0.8799 -0.2596 -0.3979
vn -0.7054 0.3914 -0.5910
vn -0.6953 0.3842 -0.6074
vn -0.8754 -0.2575 -0.4091
vn -0.0777 0.9023 -0.4241
vn 0.5039 0.8632 -0.0316
vn 0.5051 0.8625 -0.0306
vn -0.0790 0.8975 -0.4338
vn 0.8449 0.2849 0.4528
vn 0.6721 -0.3672 0.6430
vn 0.6832 -0.3754 0.6263
vn 0.8519 0.2731 0.4469
vn -0.1558 -0.6916 0.7053
vn -0.6577 -0.6573 0.3679
vn -0.5603 -0.8195 0.1207
vn 0.0208 -0.8591 0.5114
vn -0.9898 -0.0938 -0.1069
vn -0.8399 0.4692 -0.2727
vn -0.7254 0.4068 -0.5553
vn -0.8989 -0.2449 -0.3633
vn -0.2250 0.9680 -0.1108
vn 0.2770 0.9338 0.2266
vn 0.4827 0.8758 0.0004
vn -0.0984 0.9154 -0.3902
vn 0.6090 0.3703 0.7014
vn 0.4591 -0.1927 0.8672
vn 0.6478 -0.3505 0.6764
vn 0.8213 0.3013 0.4845
vn -0.4179 -0.7467 -0.5176
vn 0.2652 -0.8604 -0.4352
vn 0.3020 -0.7179 -0.6273
vn -0.3597 -0.6469 -0.6724
vn 0.9079 -0.4087 -0.0928
vn 0.9569 0.2143 0.1961
vn 0.9778 0.1936 0.0798
vn 0.9214 -0.3073 -0.2378
vn 0.4477 0.8473 0.2859
vn -0.2220 0.9652 0.1383
vn -0.2342 0.9630 -0.1331
vn 0.5052 0.8536 0.1273
vn -0.8639 0.4804 -0.1512
vn -0.9166 -0.1536 -0.3690
vn -0.9205 -0.0904 -0.3802
vn -0.8976 0.3593 -0.2553
vn -0.3673 -0.8807 -0.2993
vn 0.2339 -0.9172 -0.3225
vn 0.2478 -0.8876 -0.3884
vn -0.4254 -0.7760 -0.4658
vn 0.8873 -0.4518 -0.0922
vn 0.9646 0.2347 0.1205
vn 0.9613 0.2188 0.1672
vn 0.8944 -0.4379 -0.0908
vn 0.4288 0.8761 0.2205
vn -0.1445 0.9623 0.2303
vn -0.2157 0.9572 0.1932
vn 0.4379 0.8559 0.2749
vn -0.9094 0.3621 0.2048
vn -0.9412 -0.3375 -0.0146
vn -0.9287 -0.1936 -0.3163
vn -0.8796 0.4722 -0.0574
vn -0.5018 -0.8637 -0.0464
vn 0.1803 -0.9836 -0.0078
vn 0.1192 -0.9866 -0.1114
vn -0.4942 -0.8474 -0.1944
vn 0.8614 -0.5073 0.0242
vn 0.9819 0.1880 0.0234
vn 0.9807 0.1885 0.0527
vn 0.8345 -0.5508 0.0149
vn 0.5026 0.8645 -0.0035
vn -0.1794 0.9826 -0.0484
vn -0.1198 0.9927 -0.0153
vn 0.4927 0.8675 0.0689
vn -0.8628 0.4968 -0.0931
vn -0.9774 -0.1928 -0.0866
vn -0.9464 -0.2058 -0.2488
vn -0.8600 0.4619 -0.2168
vn -0.5024 -0.8643 -0.0236
vn 0.1890 -0.9819 0.0090
vn 0.8637 -0.5033 0.0268
vn 0.9819 0.1886 0.0154
vn 0.5043 0.8633 -0.0212
vn -0.1871 0.9809 -0.0538
vn -0.8618 0.5022 -0.0715
vn -0.9800 -0.1897 -0.0602
vn -0.5024 -0.8643 -0.0235
vn -0.4285 -0.8190 -0.3817
vn 0.1673 -0.9203 -0.3536
vn 0.1911 -0.9810 -0.0337
vn -0.5002 -0.8634 -0.0663
vn 0.8254 -0.4535 -0.3363
vn 0.9273 0.1428 -0.3461
vn 0.9818 0.1879 -0.0274
vn 0.8636 -0.5039 -0.0160
vn 0.4614 0.8008 -0.3818
vn -0.1344 0.9022 -0.4099
vn -0.1855 0.9779 -0.0965
vn 0.5058 0.8603 -0.0639
vn -0.7925 0.4353 -0.4272
vn -0.8944 -0.1609 -0.4174
vn -0.9762 -0.1910 -0.1028
vn -0.8580 0.5009 -0.1141
vn 0.2598 -0.9298 0.2609
vn 0.1304 -0.9007 -0.4144
vn 0.0098 -0.9295 -0.3686
vn 0.0268 -0.9896 0.1417
vn -0.1367 -0.3073 -0.9417
vn -0.2986 0.3800 -0.8755
vn -0.4591 0.3425 -0.8197
vn -0.3194 -0.3137 -0.8942
vn -0.3184 0.9123 -0.2575
vn -0.2322 0.8846 0.4044
vn -0.2768 0.9085 0.3130
vn -0.3909 0.8893 -0.2372
vn -0.0130 0.2456 0.9693
vn 0.1945 -0.4312 0.8810
vn -0.2146 -0.5224 0.8253
vn -0.2783 0.2830 0.9179
vn 0.2920 -0.9173 0.2706
vn 0.1573 -0.8946 -0.4182
vn 0.1553 -0.8946 -0.4189
vn 0.2924 -0.9174 0.2700
vn -0.1021 -0.3111 -0.9449
vn -0.2785 0.3666 -0.8878
vn -0.2754 0.3727 -0.8861
vn -0.1034 -0.3091 -0.9454
vn -0.3143 0.9112 -0.2663
vn -0.1832 0.8877 0.4224
vn -0.1991 0.8846 0.4218
vn -0.3117 0.9125 -0.2648
vn 0.0752 0.3025 0.9502
vn 0.2551 -0.3739 0.8917
vn 0.2489 -0.3877 0.8875
vn 0.0530 0.2852 0.9570
vn -0.0786 -0.9529 0.2929
vn -0.1945 -0.9333 -0.3020
vn 0.1161 -0.9044 -0.4105
vn 0.2505 -0.9272 0.2786
vn -0.4482 -0.3631 -0.8169
vn -0.6012 0.2216 -0.7677
vn -0.3198 0.3544 -0.8787
vn -0.1426 -0.3230 -0.9356
vn -0.6361 0.7548 -0.1601
vn -0.5202 0.7351 0.4347
vn -0.2211 0.8753 0.4300
vn -0.3554 0.8981 -0.2591
vn -0.2664 0.1649 0.9496
vn -0.1135 -0.4198 0.9005
vn 0.2149 -0.3835 0.8982
vn 0.0377 0.2939 0.9551
vn -0.2114 -0.8658 -0.4535
vn 0.3382 -0.9406 -0.0305
vn 0.5619 -0.8083 -0.1760
vn 0.0796 -0.7760 -0.6257
vn 0.7596 -0.3869 0.5228
vn 0.6731 0.2501 0.6959
vn 0.7513 0.2363 0.6162
vn 0.8566 -0.2892 0.4274
vn 0.2514 0.8891 0.3824
vn -0.2244 0.9694 -0.0998
vn 0.0442 0.8657 -0.4986
vn 0.4747 0.8598 0.1883
vn -0.7000 0.3816 -0.6037
vn -0.6808 -0.2741 -0.6793
vn -0.5153 -0.1965 -0.8342
vn -0.5027 0.2883 -0.8150
vn -0.4836 -0.8373 0.2551
vn 0.1924 -0.9600 0.2037
vn 0.1544 -0.9781 0.1399
vn -0.5019 -0.8527 0.1449
vn 0.8625 -0.5058 0.0165
vn 0.9723 0.1817 -0.1470
vn 0.9737 -0.0049 -0.2276
vn 0.8178 -0.5754 0.0113
vn 0.4935 0.8389 -0.2295
vn -0.1809 0.9626 -0.2015
vn -0.2063 0.9509 -0.2306
vn 0.3870 0.8618 -0.3278
vn -0.8719 0.4886 -0.0317
vn -0.9714 -0.1862 0.1472
vn -0.9737 -0.2248 0.0372
vn -0.8865 0.4501 -0.1078
vn -0.4682 -0.8803 -0.0765
vn 0.1346 -0.9830 -0.1247
vn 0.2034 -0.9629 0.1773
vn -0.4834 -0.8435 0.2342
vn 0.7862 -0.5274 -0.3222
vn 0.8744 0.0594 -0.4816
vn 0.9655 0.1760 -0.1920
vn 0.8634 -0.5040 -0.0210
vn 0.3876 0.7105 -0.5873
vn -0.2158 0.8123 -0.5419
vn -0.2068 0.9464 -0.2482
vn 0.4823 0.8272 -0.2883
vn -0.8686 0.3549 -0.3459
vn -0.9554 -0.2309 -0.1841
vn -0.9737 -0.1896 0.1260
vn -0.8739 0.4826 -0.0589
vn -0.4645 -0.8633 -0.1975
vn 0.1027 -0.9878 0.1168
vn -0.0066 -0.9966 0.0820
vn -0.4309 -0.8847 -0.1778
vn 0.7619 -0.5035 0.4074
vn 0.8756 0.2020 0.4388
vn 0.9359 0.2033 0.2877
vn 0.8176 -0.4960 0.2924
vn 0.4789 0.8556 0.1964
vn -0.0911 0.9848 -0.1478
vn 0.1373 0.9663 -0.2175
vn 0.5627 0.8227 0.0809
vn -0.6932 0.5349 -0.4830
vn -0.8381 -0.1712 -0.5180
vn -0.6439 -0.1166 -0.7562
vn -0.4142 0.6317 -0.6553
vn -0.4330 -0.8733 -0.2234
vn 0.1764 -0.9783 0.1084
vn 0.1571 -0.9807 0.1163
vn -0.4461 -0.8696 -0.2116
vn 0.7670 -0.4857 0.4193
vn 0.8625 0.2089 0.4609
vn 0.8627 0.2062 0.4617
vn 0.7615 -0.4916 0.4224
vn 0.4342 0.8731 0.2216
vn -0.1763 0.9782 -0.1094
vn -0.1578 0.9799 -0.1221
vn 0.4445 0.8690 0.2173
vn -0.7648 0.4864 -0.4224
vn -0.8600 -0.2082 -0.4659
vn -0.8585 -0.2002 -0.4721
vn -0.7500 0.4974 -0.4360
vn -0.3939 -0.8716 -0.2919
vn 0.1896 -0.9780 0.0868
vn 0.1800 -0.9782 0.1036
vn -0.4265 -0.8730 -0.2366
vn 0.7429 -0.4832 0.4632
vn 0.8189 0.2097 0.5343
vn 0.8581 0.2102 0.4685
vn 0.7656 -0.4834 0.4244
vn 0.3976 0.8717 0.2865
vn -0.1894 0.9780 -0.0872
vn -0.1797 0.9782 -0.1041
vn 0.4302 0.8729 0.2302
vn -0.7413 0.4834 -0.4656
vn -0.8140 -0.2094 -0.5418
vn -0.8532 -0.2101 -0.4773
vn -0.7640 0.4835 -0.4272
vn -0.2652 -0.8546 -0.4465
vn 0.2295 -0.9725 0.0393
vn 0.2120 -0.9756 0.0573
vn -0.3216 -0.8640 -0.3874
vn 0.6488 -0.4969 0.5763
vn 0.6563 0.1869 0.7310
vn 0.7270 0.1997 0.6570
vn 0.6898 -0.4893 0.5336
vn 0.2594 0.8533 0.4523
vn -0.2299 0.9724 -0.0389
vn -0.2122 0.9756 -0.0572
vn 0.3195 0.8637 0.3899
vn -0.6513 0.4965 -0.5738
vn -0.6644 -0.1884 -0.7233
vn -0.7299 -0.2001 -0.6536
vn -0.6907 0.4892 -0.5326
vn -0.2505 -0.8531 -0.4577
vn 0.2336 -0.9716 0.0370
vn 0.2333 -0.9717 0.0368
vn -0.2521 -0.8530 -0.4571
vn 0.6421 -0.5002 0.5810
vn 0.6481 0.1840 0.7390
vn 0.6464 0.1840 0.7405
vn 0.6417 -0.4997 0.5818
vn 0.2502 0.8530 0.4581
vn -0.2337 0.9716 -0.0369
vn -0.2335 0.9717 -0.0366
vn 0.2494 0.8524 0.4596
vn -0.6423 0.5001 -0.5808
vn -0.6487 -0.1841 -0.7385
vn -0.6501 -0.1848 -0.7370
vn -0.6429 0.4995 -0.5807
vn -0.2503 -0.8530 -0.4579
vn 0.2337 -0.9716 0.0370
vn 0.6422 -0.5002 0.5809
vn 0.6484 0.1840 0.7387
vn 0.2503 0.8531 0.4579
vn -0.2337 0.9716 -0.0370
vn -0.2336 0.9716 -0.0370
vn -0.6421 0.5002 -0.5809
vn -0.6484 -0.1840 -0.7387
vn -0.6422 0.5002 -0.5809
vn 0.0889 -0.7250 -0.6829
vn 0.4990 -0.8255 -0.2636
vn 0.2704 -0.9627 0.0035
vn -0.2139 -0.8441 -0.4917
vn 0.8911 -0.3731 0.2584
vn 0.8964 0.2068 0.3922
vn 0.6840 0.1920 0.7038
vn 0.6777 -0.4927 0.5458
vn 0.5143 0.8488 0.1227
vn 0.1042 0.9493 -0.2967
vn -0.1973 0.9777 -0.0714
vn 0.2870 0.8591 0.4238
vn -0.2878 0.4969 -0.8187
vn -0.2931 -0.0830 -0.9525
vn -0.6108 -0.1770 -0.7717
vn -0.6046 0.5077 -0.6138
vn 0.0572 -0.9384 0.3407
vn -0.5110 -0.8567 -0.0708
vn -0.4546 -0.8767 -0.1574
vn 0.0866 -0.9585 0.2717
vn -0.8490 -0.2229 -0.4791
vn -0.6785 0.4450 -0.5845
vn -0.6709 0.4521 -0.5878
vn -0.8027 -0.2428 -0.5447
vn -0.0373 0.9342 -0.3548
vn 0.5363 0.8430 0.0408
vn 0.4579 0.8756 0.1537
vn -0.0886 0.9594 -0.2679
vn 0.8509 0.2208 0.4767
vn 0.6681 -0.4476 0.5944
vn 0.6592 -0.4506 0.6020
vn 0.7973 0.2437 0.5521
vn 0.2084 -0.9039 0.3735
vn -0.2251 -0.9722 -0.0642
vn -0.4739 -0.8777 -0.0718
vn 0.1052 -0.9295 0.3535
vn -0.7278 -0.2196 -0.6497
vn -0.6457 0.3422 -0.6826
vn -0.6934 0.4172 -0.5874
vn -0.8464 -0.2173 -0.4862
vn -0.0356 0.9222 -0.3852
vn 0.5358 0.8438 0.0306
vn 0.5411 0.8404 0.0293
vn -0.0473 0.9268 -0.3726
vn 0.8561 0.2128 0.4710
vn 0.6989 -0.4117 0.5849
vn 0.6804 -0.4365 0.5887
vn 0.8569 0.2135 0.4691
vn 0.4192 -0.7206 0.5523
vn 0.6545 -0.7554 -0.0320
vn 0.5430 -0.8397 0.0030
vn 0.3886 -0.7841 0.4839
vn 0.4858 -0.3695 -0.7921
vn 0.0801 0.2474 -0.9656
vn -0.1145 0.2468 -0.9623
vn 0.1669 -0.3706 -0.9137
vn -0.3886 0.7431 -0.5448
vn -0.6533 0.7566 0.0263
vn -0.7167 0.6925 -0.0825
vn -0.4744 0.7084 -0.5226
vn -0.6332 0.2419 0.7352
vn -0.1767 -0.3265 0.9285
vn -0.1961 -0.4952 0.8464
vn -0.7064 -0.0743 0.7039
vn 0.3575 -0.7127 0.6035
vn 0.6494 -0.7598 -0.0325
vn 0.6576 -0.7527 -0.0329
vn 0.3828 -0.7091 0.5921
vn 0.5689 -0.3434 -0.7472
vn 0.1871 0.2070 -0.9603
vn 0.1646 0.2196 -0.9616
vn 0.5525 -0.3522 -0.7554
vn -0.3611 0.7095 -0.6052
vn -0.6479 0.7610 0.0329
vn -0.6454 0.7630 0.0361
vn -0.3623 0.7254 -0.5853
vn -0.5788 0.3354 0.7433
vn -0.2014 -0.2188 0.9547
vn -0.1929 -0.2433 0.9506
vn -0.5944 0.3162 0.7394
vn 0.2370 -0.8008 0.5501
vn 0.6199 -0.7834 -0.0445
vn 0.6435 -0.7647 -0.0325
vn 0.3314 -0.7282 0.5999
vn 0.6579 -0.2662 -0.7045
vn 0.3283 0.3194 -0.8889
vn 0.2021 0.2184 -0.9547
vn 0.5801 -0.3294 -0.7450
vn -0.2444 0.7949 -0.5553
vn -0.6203 0.7831 0.0442
vn -0.6442 0.7642 0.0321
vn -0.3465 0.7149 -0.6073
vn -0.6623 0.2631 0.7016
vn -0.3400 -0.3281 0.8813
vn -0.2262 -0.2376 0.9447
vn -0.5892 0.3227 0.7408
vn 0.0378 -0.9338 0.3557
vn 0.5698 -0.8164 -0.0937
vn 0.5855 -0.8074 -0.0735
vn 0.1018 -0.8942 0.4360
vn 0.8276 -0.1556 -0.5392
vn 0.6033 0.4999 -0.6214
vn 0.5200 0.4530 -0.7241
vn 0.7750 -0.1838 -0.6046
vn -0.0258 0.9397 -0.3411
vn -0.5693 0.8167 0.0943
vn -0.5850 0.8077 0.0739
vn -0.0908 0.9005 -0.4252
vn -0.8214 0.1597 0.5475
vn -0.5868 -0.4904 0.6444
vn -0.5045 -0.4428 0.7412
vn -0.7693 0.1879 0.6107
vn 0.0292 -0.9428 0.3322
vn 0.5690 -0.8164 -0.0990
vn 0.5686 -0.8167 -0.0984
vn 0.0294 -0.9415 0.3358
vn 0.8323 -0.1607 -0.5305
vn 0.6083 0.4991 -0.6171
vn 0.6109 0.5013 -0.6127
vn 0.8334 -0.1582 -0.5296
vn -0.0285 0.9431 -0.3313
vn -0.5690 0.8164 0.0990
vn -0.5684 0.8168 0.0987
vn -0.0248 0.9438 -0.3295
vn -0.8320 0.1609 0.5310
vn -0.6074 -0.4986 0.6185
vn -0.6041 -0.4977 0.6224
vn -0.8309 0.1596 0.5331
vn -0.1424 -0.9893 0.0319
vn 0.3305 -0.8784 -0.3453
vn 0.5468 -0.8270 -0.1308
vn 0.0061 -0.9538 0.3004
vn 0.5914 -0.2285 -0.7733
vn 0.3950 0.3493 -0.8497
vn 0.5847 0.4873 -0.6486
vn 0.8093 -0.1733 -0.5613
vn -0.2366 0.7899 -0.5658
vn -0.7096 0.6789 -0.1886
vn -0.5913 0.8036 0.0681
vn -0.0506 0.9304 -0.3631
vn -0.9705 0.0290 0.2394
vn -0.7741 -0.5487 0.3157
vn -0.6292 -0.5106 0.5859
vn -0.8538 0.1499 0.4986
vn 0.0385 -0.9259 -0.3759
vn -0.5677 -0.8217 -0.0499
vn -0.5064 -0.8584 0.0821
vn 0.1075 -0.9705 -0.2159
vn -0.9143 -0.1833 0.3613
vn -0.7152 0.4808 0.5072
vn -0.7446 0.5053 0.4361
vn -0.9027 -0.1883 0.3869
vn -0.0553 0.9352 0.3499
vn 0.5549 0.8315 0.0271
vn 0.5133 0.8558 -0.0644
vn -0.1032 0.9685 0.2265
vn 0.9152 0.1822 -0.3595
vn 0.7153 -0.4781 -0.5096
vn 0.7563 -0.5084 -0.4118
vn 0.9164 0.1846 -0.3552
vn -0.0274 -0.9143 -0.4041
vn -0.5781 -0.8139 -0.0584
vn -0.5777 -0.8139 -0.0615
vn 0.0319 -0.9174 -0.3967
vn -0.9158 -0.1797 0.3592
vn -0.7180 0.4603 0.5222
vn -0.7153 0.4675 0.5194
vn -0.9160 -0.1809 0.3580
vn -0.1245 0.9161 0.3812
vn 0.3522 0.9359 -0.0019
vn 0.5350 0.8445 0.0236
vn -0.0706 0.9252 0.3728
vn 0.7723 0.1284 -0.6222
vn 0.6568 -0.3986 -0.6401
vn 0.7137 -0.4542 -0.5333
vn 0.9023 0.1774 -0.3930
vn -0.0052 -0.8267 -0.5626
vn 0.4366 -0.8989 -0.0357
vn 0.4640 -0.8786 -0.1127
vn 0.0666 -0.8170 -0.5728
vn 0.7099 -0.4104 0.5724
vn 0.5579 0.2382 0.7950
vn 0.6740 0.2420 0.6979
vn 0.7862 -0.4106 0.4618
vn -0.0005 0.8376 0.5462
vn -0.4274 0.9037 0.0230
vn -0.3129 0.9495 0.0247
vn 0.0177 0.8807 0.4733
vn -0.6258 0.4262 -0.6533
vn -0.4682 -0.2319 -0.8526
vn -0.3330 -0.2649 -0.9050
vn -0.3956 0.3325 -0.8561
vn 0.0396 -0.7804 -0.6240
vn 0.3691 -0.9284 0.0420
vn 0.4342 -0.9008 -0.0081
vn -0.0213 -0.8146 -0.5796
vn 0.5467 -0.4575 0.7013
vn 0.4114 0.1331 0.9017
vn 0.5573 0.2153 0.8019
vn 0.7012 -0.3961 0.5928
vn -0.0228 0.7847 0.6195
vn -0.3509 0.9353 -0.0459
vn -0.4268 0.9044 0.0022
vn 0.0240 0.8189 0.5734
vn -0.4352 0.5063 -0.7445
vn -0.2977 -0.1011 -0.9493
vn -0.4695 -0.1863 -0.8630
vn -0.6154 0.4406 -0.6536
vn 0.3349 -0.7263 -0.6003
vn 0.0254 -0.9996 0.0116
vn 0.1526 -0.9865 0.0598
vn 0.2217 -0.7359 -0.6397
vn -0.3939 -0.6584 0.6413
vn -0.5278 -0.0480 0.8480
vn -0.1910 -0.0186 0.9814
vn -0.0556 -0.6289 0.7755
vn -0.3532 0.7236 0.5930
vn -0.0455 0.9988 -0.0187
vn -0.1617 0.9850 -0.0607
vn -0.2301 0.7342 0.6388
vn 0.2776 0.6594 -0.6986
vn 0.4154 0.0363 -0.9089
vn 0.1343 0.0077 -0.9909
vn -0.0024 0.6204 -0.7843
vn 0.3526 -0.7370 -0.5767
vn 0.0284 -0.9995 -0.0103
vn 0.0224 -0.9997 -0.0078
vn 0.3513 -0.7339 -0.5813
vn -0.3634 -0.6748 0.6423
vn -0.5064 -0.0245 0.8620
vn -0.5276 -0.0305 0.8489
vn -0.3869 -0.6711 0.6324
vn -0.3536 0.7370 0.5761
vn -0.0295 0.9995 0.0097
vn -0.0301 0.9995 0.0038
vn -0.3585 0.7334 0.5775
vn 0.3568 0.6747 -0.6461
vn 0.4999 0.0244 -0.8657
vn 0.4820 0.0285 -0.8757
vn 0.3405 0.6709 -0.6588
vn 0.6842 -0.6710 -0.2858
vn 0.4124 -0.8912 0.1891
vn 0.0746 -0.9971 0.0168
vn 0.3984 -0.7348 -0.5490
vn 0.0423 -0.5827 0.8116
vn -0.0780 -0.0357 0.9963
vn -0.4566 -0.0220 0.8894
vn -0.3132 -0.6737 0.6693
vn 0.0649 0.6883 0.7225
vn 0.3367 0.9085 0.2476
vn 0.0170 0.9992 0.0366
vn -0.3068 0.7369 0.6024
vn 0.7067 0.6000 -0.3749
vn 0.8271 0.0530 -0.5596
vn 0.5482 0.0241 -0.8360
vn 0.4049 0.6758 -0.6159
vn 0.0589 -0.8731 -0.4839
vn 0.2731 -0.9381 0.2130
vn 0.5628 -0.8261 0.0290
vn 0.2701 -0.7567 -0.5954
vn 0.3175 -0.3721 0.8722
vn 0.2341 0.2800 0.9310
vn 0.4300 0.2479 0.8681
vn 0.5013 -0.2836 0.8175
vn -0.1231 0.8867 0.4457
vn -0.4770 0.8654 -0.1534
vn -0.0979 0.9010 -0.4226
vn 0.3156 0.9487 0.0189
vn -0.5543 0.3702 -0.7455
vn -0.3521 -0.2266 -0.9081
vn -0.1762 -0.1887 -0.9661
vn -0.3218 0.3790 -0.8676
vn -0.6904 -0.6175 -0.3768
vn -0.0769 -0.7156 -0.6943
vn -0.0732 -0.6643 -0.7439
vn -0.6474 -0.6164 -0.4482
vn 0.6593 -0.3447 -0.6682
vn 0.9314 0.1868 -0.3125
vn 0.8392 0.3033 -0.4513
vn 0.5877 -0.2393 -0.7729
vn 0.6530 0.7046 0.2777
vn 0.0468 0.7935 0.6068
vn -0.0046 0.8214 0.5704
vn 0.5320 0.8118 0.2406
vn -0.7070 0.4320 0.5599
vn -0.9768 -0.0935 0.1927
vn -0.9845 -0.1289 0.1189
vn -0.7924 0.3963 0.4638
vn -0.7138 -0.5322 -0.4552
vn -0.0678 -0.7251 -0.6853
vn -0.0739 -0.7237 -0.6862
vn -0.7021 -0.6028 -0.3790
vn 0.7105 -0.4532 -0.5383
vn 0.9885 0.0403 -0.1458
vn 0.9476 0.1574 -0.2778
vn 0.6782 -0.3664 -0.6370
vn 0.7091 0.5938 0.3803
vn 0.0663 0.7803 0.6219
vn 0.0584 0.7875 0.6135
vn 0.6785 0.6751 0.2895
vn -0.7155 0.5198 0.4667
vn -0.9975 0.0328 0.0627
vn -0.9817 -0.0681 0.1779
vn -0.7025 0.4475 0.5534
vn -0.6597 -0.3553 -0.6622
vn -0.0597 -0.7338 -0.6768
vn -0.0625 -0.7299 -0.6807
vn -0.6948 -0.4166 -0.5863
vn 0.6624 -0.7052 -0.2531
vn 0.9227 -0.2976 0.2453
vn 0.9764 -0.1843 0.1124
vn 0.7023 -0.6190 -0.3515
vn 0.6650 0.3656 0.6512
vn 0.0702 0.7561 0.6506
vn 0.0706 0.7654 0.6397
vn 0.7020 0.4433 0.5573
vn -0.6576 0.7134 0.2423
vn -0.9247 0.2943 -0.2414
vn -0.9712 0.1995 -0.1302
vn -0.6952 0.6428 0.3217
vn -0.6428 -0.3465 -0.6832
vn -0.0577 -0.7351 -0.6755
vn -0.0582 -0.7348 -0.6757
vn -0.6462 -0.3469 -0.6798
vn 0.6524 -0.7153 -0.2504
vn 0.9193 -0.3030 0.2510
vn 0.9165 -0.3073 0.2562
vn 0.6524 -0.7167 -0.2464
vn 0.6554 0.3651 0.6612
vn 0.0707 0.7544 0.6526
vn 0.0704 0.7545 0.6526
vn 0.6555 0.3615 0.6630
vn -0.6398 0.7338 0.2285
vn -0.9073 0.3208 -0.2720
vn -0.9105 0.3161 -0.2666
vn -0.6433 0.7303 0.2297
vn -0.6423 -0.3463 -0.6838
vn -0.0576 -0.7351 -0.6755
vn 0.6524 -0.7151 -0.2510
vn 0.9198 -0.3023 0.2501
vn 0.6554 0.3656 0.6609
vn 0.0708 0.7543 0.6527
vn -0.6393 0.7344 0.2282
vn -0.9067 0.3216 -0.2730
vn -0.4232 -0.1120 -0.8991
vn 0.0779 -0.4452 -0.8920
vn -0.0388 -0.7074 -0.7058
vn -0.6235 -0.3186 -0.7140
vn 0.7669 -0.4258 -0.4801
vn 0.9961 -0.0720 -0.0506
vn 0.9364 -0.2747 0.2186
vn 0.6689 -0.6875 -0.2826
vn 0.7396 0.5761 0.3481
vn 0.2384 0.9093 0.3410
vn 0.0881 0.7798 0.6198
vn 0.6728 0.3910 0.6280
vn -0.4506 0.8899 -0.0709
vn -0.6798 0.5361 -0.5005
vn -0.8870 0.3471 -0.3045
vn -0.6196 0.7599 0.1966
vn -0.1259 -0.9100 -0.3951
vn -0.0252 -0.9752 0.2197
vn 0.2118 -0.9246 0.3166
vn 0.0761 -0.9178 -0.3896
vn 0.1868 -0.2489 0.9503
vn 0.2081 0.3390 0.9175
vn 0.1291 0.3658 0.9217
vn 0.2545 -0.2903 0.9225
vn 0.0597 0.9522 0.2996
vn -0.1209 0.9252 -0.3597
vn -0.2050 0.9175 -0.3409
vn -0.0878 0.9282 0.3616
vn -0.2770 0.3015 -0.9124
vn -0.2671 -0.3709 -0.8894
vn -0.0927 -0.3739 -0.9228
vn -0.1981 0.3045 -0.9317
vn -0.1096 -0.7977 -0.5929
vn -0.6524 -0.7217 -0.2315
vn -0.5444 -0.8197 -0.1782
vn -0.1054 -0.8496 -0.5168
vn -0.8649 -0.2146 0.4537
vn -0.5690 0.3660 0.7364
vn -0.4148 0.3234 0.8505
vn -0.6441 -0.2070 0.7364
vn 0.1051 0.7515 0.6513
vn 0.6849 0.6576 0.3137
vn 0.6700 0.6307 0.3916
vn 0.1659 0.6887 0.7058
vn 0.9666 0.1063 -0.2333
vn 0.6739 -0.4527 -0.5839
vn 0.7539 -0.4703 -0.4587
vn 0.9855 0.1025 -0.1350
vn -0.0565 -0.8331 -0.5502
vn -0.7100 -0.6251 -0.3243
vn -0.6756 -0.6985 -0.2358
vn -0.0715 -0.8040 -0.5903
vn -0.9854 -0.0415 0.1648
vn -0.7187 0.4769 0.5059
vn -0.6480 0.3651 0.6685
vn -0.9119 -0.1889 0.3643
vn 0.0540 0.7749 0.6298
vn 0.7125 0.5606 0.4220
vn 0.6969 0.6432 0.3173
vn 0.0739 0.7646 0.6403
vn 0.9981 -0.0498 -0.0370
vn 0.7253 -0.5616 -0.3983
vn 0.6949 -0.4581 -0.5544
vn 0.9747 0.0788 -0.2090
vn -0.0973 -0.8716 -0.4804
vn -0.6506 -0.4303 -0.6258
vn -0.6969 -0.4917 -0.5221
vn -0.0734 -0.8630 -0.4999
vn -0.8664 0.3226 -0.3812
vn -0.6240 0.7782 0.0712
vn -0.6957 0.6856 0.2144
vn -0.9551 0.2146 -0.2044
vn 0.0421 0.8079 0.5879
vn 0.6010 0.3743 0.7062
vn 0.6680 0.4298 0.6075
vn 0.0446 0.7946 0.6055
vn 0.8358 -0.3483 0.4244
vn 0.5837 -0.8119 -0.0039
vn 0.6700 -0.7293 -0.1389
vn 0.9321 -0.2513 0.2607
vn -0.1130 -0.8690 -0.4817
vn -0.6393 -0.4319 -0.6362
vn -0.6392 -0.4288 -0.6384
vn -0.1093 -0.8701 -0.4806
vn -0.8649 0.3216 -0.3854
vn -0.6116 0.7879 0.0714
vn -0.6098 0.7900 0.0640
vn -0.8587 0.3275 -0.3942
vn 0.0380 0.8126 0.5816
vn 0.5651 0.3761 0.7343
vn 0.5737 0.3741 0.7286
vn 0.0393 0.8117 0.5827
vn 0.7925 -0.3754 0.4807
vn 0.5383 -0.8424 0.0256
vn 0.5497 -0.8351 0.0200
vn 0.8036 -0.3691 0.4668
vn -0.1136 -0.8689 -0.4818
vn -0.6394 -0.4323 -0.6358
vn -0.1135 -0.8689 -0.4818
vn -0.8660 0.3206 -0.3838
vn -0.6120 0.7875 0.0726
vn 0.0377 0.8127 0.5814
vn 0.5636 0.3762 0.7354
vn 0.0378 0.8128 0.5813
vn 0.7902 -0.3767 0.4834
vn 0.5362 -0.8436 0.0270
vn -0.3279 -0.9288 -0.1728
vn -0.7702 -0.5615 -0.3024
vn -0.6617 -0.4484 -0.6008
vn -0.1374 -0.8838 -0.4472
vn -0.9859 0.1552 -0.0626
vn -0.7723 0.5480 0.3215
vn -0.6339 0.7662 0.1051
vn -0.8872 0.3006 -0.3501
vn -0.1537 0.5720 0.8057
vn 0.2886 0.2047 0.9353
vn 0.5369 0.3560 0.7649
vn 0.0125 0.7913 0.6112
vn 0.5043 -0.5119 0.6955
vn 0.2907 -0.9047 0.3114
vn 0.5091 -0.8587 0.0590
vn 0.7623 -0.3931 0.5141
vn 0.4106 -0.7223 -0.5565
vn -0.2757 -0.6645 -0.6946
vn -0.3912 -0.8260 -0.4057
vn 0.2511 -0.9369 -0.2434
vn -0.9055 -0.1149 -0.4086
vn -0.9211 0.3863 0.0484
vn -0.9413 0.3207 0.1050
vn -0.9560 -0.1404 -0.2575
vn -0.4013 0.7058 0.5837
vn 0.2798 0.5979 0.7512
vn 0.2939 0.5951 0.7480
vn -0.4526 0.6557 0.6044
vn 0.8865 0.0866 0.4545
vn 0.9172 -0.3953 -0.0502
vn 0.8587 -0.4884 0.1550
vn 0.8831 0.0601 0.4653
vn 0.3873 -0.7102 -0.5880
vn -0.2955 -0.6039 -0.7402
vn -0.2832 -0.6117 -0.7386
vn 0.3995 -0.7034 -0.5879
vn -0.8844 -0.1094 -0.4538
vn -0.9212 0.3877 0.0336
vn -0.9174 0.3964 0.0356
vn -0.8861 -0.1017 -0.4523
vn -0.3862 0.7109 0.5877
vn 0.2884 0.5861 0.7572
vn 0.2838 0.5952 0.7518
vn -0.3899 0.7118 0.5842
vn 0.8733 0.0813 0.4804
vn 0.9171 -0.3978 -0.0252
vn 0.9200 -0.3891 -0.0471
vn 0.8807 0.0910 0.4648
vn 0.3978 -0.6790 -0.6170
vn -0.2326 -0.4311 -0.8718
vn -0.3107 -0.5869 -0.7477
vn 0.3830 -0.7079 -0.5935
vn -0.7761 0.0867 -0.6246
vn -0.8514 0.5149 -0.1002
vn -0.9227 0.3854 0.0105
vn -0.8801 -0.1090 -0.4622
vn -0.3985 0.6783 0.6174
vn 0.2088 0.4023 0.8914
vn 0.2884 0.5492 0.7844
vn -0.3836 0.7069 0.5943
vn 0.7412 -0.1380 0.6569
vn 0.8364 -0.5367 0.1115
vn 0.9096 -0.4154 0.0111
vn 0.8524 0.0418 0.5212
vn 0.4791 -0.6067 -0.6344
vn 0.2224 -0.0253 -0.9746
vn 0.0541 -0.1302 -0.9900
vn 0.4474 -0.6271 -0.6377
vn -0.1834 0.6248 -0.7590
vn -0.4672 0.8649 -0.1833
vn -0.6085 0.7676 -0.2013
vn -0.3936 0.4843 -0.7814
vn -0.4779 0.6075 0.6344
vn -0.1782 0.0581 0.9823
vn -0.0200 0.1622 0.9866
vn -0.4465 0.6278 0.6375
vn 0.2614 -0.5797 0.7718
vn 0.5002 -0.8459 0.1849
vn 0.6335 -0.7484 0.1963
vn 0.4549 -0.4371 0.7759
vn 0.4844 -0.6085 -0.6285
vn 0.2335 -0.0486 -0.9712
vn 0.2391 -0.0381 -0.9703
vn 0.4843 -0.6073 -0.6298
vn -0.1992 0.6224 -0.7569
vn -0.4693 0.8688 -0.1579
vn -0.4620 0.8718 -0.1627
vn -0.1838 0.6296 -0.7549
vn -0.4844 0.6086 0.6285
vn -0.2308 0.0502 0.9717
vn -0.2204 0.0497 0.9741
vn -0.4838 0.6076 0.6299
vn 0.2037 -0.6199 0.7578
vn 0.4712 -0.8677 0.1583
vn 0.4751 -0.8643 0.1650
vn 0.2153 -0.6116 0.7613
vn 0.1621 -0.7250 -0.6694
vn -0.0588 -0.2352 -0.9702
vn 0.1981 -0.0690 -0.9778
vn 0.4504 -0.6283 -0.6344
vn -0.4898 0.4314 -0.7576
vn -0.7255 0.6480 -0.2316
vn -0.5041 0.8480 -0.1636
vn -0.2349 0.6007 -0.7642
vn -0.7395 0.3902 0.5486
vn -0.5185 -0.0996 0.8493
vn -0.2658 0.0298 0.9636
vn -0.5181 0.5890 0.6202
vn -0.0875 -0.7661 0.6367
vn 0.1482 -0.9827 0.1107
vn 0.4364 -0.8873 0.1494
vn 0.1672 -0.6399 0.7500
vn 0.0932 -0.9782 -0.1855
vn -0.4976 -0.8595 0.1168
vn -0.4564 -0.8458 0.2762
vn 0.0623 -0.9929 0.1015
vn -0.8712 -0.2092 0.4442
vn -0.7397 0.4472 0.5029
vn -0.6608 0.4093 0.6291
vn -0.8105 -0.2060 0.5483
vn -0.0529 0.9731 0.2240
vn 0.3839 0.9187 -0.0931
vn 0.5469 0.8127 0.2008
vn -0.0197 0.8721 0.4889
vn 0.8685 0.0687 -0.4910
vn 0.7264 -0.5376 -0.4282
vn 0.8304 -0.4523 -0.3254
vn 0.9444 0.1281 -0.3029
vn 0.5752 -0.4785 -0.6634
vn 0.8355 -0.5448 -0.0712
vn 0.8829 -0.4242 -0.2013
vn 0.6217 -0.3838 -0.6828
vn 0.6606 -0.2222 0.7171
vn 0.1158 0.1802 0.9768
vn 0.1905 0.3414 0.9204
vn 0.7483 -0.0118 0.6632
vn -0.5543 0.5266 0.6446
vn -0.8065 0.5906 0.0276
vn -0.7230 0.6855 0.0857
vn -0.4899 0.6079 0.6249
vn -0.5954 0.3893 -0.7028
vn -0.0533 0.0028 -0.9986
vn -0.0753 0.3865 -0.9192
vn -0.5523 0.5729 -0.6055
vn 0.5954 -0.4631 -0.6566
vn 0.8621 -0.5066 -0.0054
vn 0.8466 -0.5318 -0.0205
vn 0.5852 -0.4763 -0.6563
vn 0.6430 -0.2132 0.7356
vn 0.1115 0.1658 0.9798
vn 0.1031 0.1574 0.9821
vn 0.6385 -0.2355 0.7327
vn -0.5622 0.5136 0.6482
vn -0.8284 0.5602 -0.0036
vn -0.8245 0.5658 0.0046
vn -0.5643 0.5132 0.6467
vn -0.5973 0.2887 -0.7483
vn -0.0653 -0.0935 -0.9935
vn -0.0591 -0.0772 -0.9953
vn -0.5982 0.3126 -0.7378
vn 0.6493 -0.3883 -0.6540
vn 0.8135 -0.5811 0.0206
vn 0.8613 -0.5081 0.0080
vn 0.6031 -0.4493 -0.6590
vn 0.5107 -0.3989 0.7616
vn 0.0001 -0.0180 0.9998
vn 0.1141 0.1517 0.9818
vn 0.6343 -0.2168 0.7421
vn -0.5831 0.4666 0.6650
vn -0.7481 0.6636 -0.0085
vn -0.8177 0.5756 -0.0109
vn -0.5597 0.5076 0.6551
vn -0.4356 0.4953 -0.7516
vn 0.0759 0.1099 -0.9910
vn -0.0466 -0.0571 -0.9973
vn -0.5693 0.3223 -0.7563
vn 0.5021 -0.8576 0.1116
vn 0.0341 -0.7787 0.6265
vn 0.0977 -0.7588 0.6439
vn 0.5539 -0.8280 0.0876
vn -0.5342 -0.1984 0.8217
vn -0.7362 0.4088 0.5394
vn -0.7031 0.4360 0.5617
vn -0.4923 -0.1722 0.8532
vn -0.5020 0.8555 -0.1267
vn -0.0311 0.7756 -0.6304
vn 0.0689 0.8386 -0.5404
vn -0.3894 0.9135 -0.1178
vn 0.5300 0.1985 -0.8244
vn 0.7279 -0.4071 -0.5518
vn 0.7743 -0.3129 -0.5500
vn 0.6150 0.2590 -0.7448
vn 0.4945 -0.8621 0.1103
vn 0.0219 -0.7817 0.6233
vn -0.5403 -0.2058 0.8159
vn -0.7423 0.4047 0.5341
vn -0.7422 0.4048 0.5341
vn -0.5167 0.8465 -0.1283
vn -0.0441 0.7660 -0.6413
vn 0.5181 0.1902 -0.8339
vn 0.7201 -0.4204 -0.5521
vn 0.7018 -0.6329 0.3270
vn 0.2898 -0.5628 0.7741
vn 0.0512 -0.7600 0.6479
vn 0.5248 -0.8406 0.1339
vn -0.2650 0.0056 0.9642
vn -0.4410 0.5377 0.7186
vn -0.7121 0.4264 0.5577
vn -0.5098 -0.1854 0.8401
vn -0.2184 0.9737 0.0648
vn 0.1935 0.9036 -0.3823
vn -0.0135 0.7866 -0.6173
vn -0.4871 0.8672 -0.1033
vn 0.7483 0.3352 -0.5724
vn 0.9244 -0.1969 -0.3267
vn 0.7499 -0.3998 -0.5271
vn 0.5475 0.2119 -0.8095
vn 0.7627 -0.2910 -0.5776
vn 0.6735 -0.7387 -0.0272
vn 0.7221 -0.6918 -0.0009
vn 0.7247 -0.3089 -0.6160
vn 0.1609 -0.7659 0.6225
vn -0.3298 -0.3515 0.8762
vn -0.2203 -0.2647 0.9388
vn 0.2739 -0.6662 0.6937
vn -0.6548 0.3918 0.6464
vn -0.5569 0.8255 0.0916
vn -0.6265 0.7785 0.0385
vn -0.6333 0.4070 0.6583
vn -0.0896 0.8149 -0.5726
vn 0.4007 0.4050 -0.8218
vn 0.2843 0.3287 -0.9006
vn -0.2087 0.7219 -0.6598
vn 0.7177 -0.4216 -0.5542
vn 0.6240 -0.7786 -0.0660
vn 0.6600 -0.7503 -0.0386
vn 0.7625 -0.3226 -0.5608
vn 0.0908 -0.7930 0.6025
vn -0.4058 -0.3262 0.8538
vn -0.3539 -0.3472 0.8684
vn 0.1438 -0.7784 0.6110
vn -0.7256 0.4711 0.5015
vn -0.6252 0.7796 0.0353
vn -0.5406 0.8342 0.1084
vn -0.6572 0.4213 0.6250
vn -0.0836 0.6117 -0.7866
vn 0.4074 0.2570 -0.8764
vn 0.4319 0.3787 -0.8186
vn -0.0698 0.8178 -0.5712
vn -0.5352 -0.6731 -0.5104
vn 0.1061 -0.8150 -0.5697
vn 0.1009 -0.7213 -0.6852
vn -0.3872 -0.5271 -0.7565
vn 0.8130 -0.4625 -0.3538
vn 0.9927 0.1195 0.0160
vn 0.9906 0.0705 -0.1172
vn 0.7843 -0.4610 -0.4152
vn 0.5492 0.7131 0.4358
vn -0.1222 0.8246 0.5524
vn -0.1833 0.8596 0.4769
vn 0.4824 0.8139 0.3240
vn -0.7999 0.5053 0.3237
vn -0.9947 -0.0267 -0.0991
vn -0.9555 0.2356 -0.1775
vn -0.7834 0.5600 0.2696
vn -0.5570 -0.6975 -0.4508
vn 0.1247 -0.8152 -0.5656
vn 0.1195 -0.8194 -0.5606
vn -0.5549 -0.6930 -0.4602
vn 0.8287 -0.4397 -0.3462
vn 0.9911 0.1282 0.0348
vn 0.9913 0.1271 0.0347
vn 0.8251 -0.4472 -0.3453
vn 0.5572 0.6977 0.4502
vn -0.1250 0.8140 0.5672
vn -0.1225 0.8154 0.5657
vn 0.5569 0.6977 0.4505
vn -0.8282 0.4409 0.3460
vn -0.9914 -0.1254 -0.0372
vn -0.9932 -0.1020 -0.0560
vn -0.8207 0.4601 0.3389
vn -0.5572 -0.6983 -0.4493
vn 0.1254 -0.8145 -0.5665
vn 0.8292 -0.4387 -0.3465
vn 0.9911 0.1284 0.0348
vn 0.5573 0.6977 0.4502
vn -0.1253 0.8138 0.5674
vn -0.8291 0.4380 0.3474
vn -0.9911 -0.1290 -0.0338
vn -0.5196 -0.4750 -0.7102
vn 0.0790 -0.5769 -0.8130
vn 0.1242 -0.7912 -0.5988
vn -0.5592 -0.6750 -0.4814
vn 0.7778 -0.2037 -0.5945
vn 0.9199 0.2935 -0.2602
vn 0.9885 0.1514 0.0024
vn 0.8263 -0.4163 -0.3793
vn 0.4890 0.8589 0.1523
vn -0.1095 0.9607 0.2551
vn -0.1278 0.8356 0.5342
vn 0.5557 0.7194 0.4168
vn -0.8084 0.5875 0.0366
vn -0.9504 0.0903 -0.2977
vn -0.9920 -0.1070 -0.0670
vn -0.8298 0.4608 0.3147
s 0
f 301//1 1338//1 2126//1 1337//1
f 1338//2 302//2 1339//2 2126//2
f 2126//2 1339//2 298//2 1330//2
f 1337//1 2126//1 1330//1 297//1
f 300//3 1336//3 2127//3 1335//3
f 1336//4 301//4 1337//4 2127//4
f 2127//4 1337//4 297//4 1328//4
f 1335//3 2127//3 1328//3 296//3
f 299//5 1334//5 2128//5 1333//5
f 1334//6 296//6 1327//6 2128//6
f 2128//6 1327//6 292//6 1326//6
f 1333//5 2128//5 1326//5 295//5
f 298//7 1332//7 2129//7 1331//7
f 1332//8 299//8 1333//8 2129//8
f 2129//8 1333//8 295//8 1324//8
f 1331//7 2129//7 1324//7 294//7
f 297//1 1330//1 2130//1 1329//1
f 1330//2 298//2 1331//2 2130//2
f 2130//2 1331//2 294//2 1322//2
f 1329//1 2130//1 1322//1 293//1
f 296//3 1328//3 2131//3 1327//3
f 1328//4 297//4 1329//4 2131//4
f 2131//4 1329//4 293//4 1320//4
f 1327//3 2131//3 1320//3 292//3
f 295//5 1326//5 2132//5 1325//5
f 1326//6 292//6 1319//6 2132//6
f 2132//6 1319//6 288//6 1318//6
f 1325//5 2132//5 1318//5 291//5
f 459//9 718//9 2133//9 717//9
f 337//10 704//10 2133//10 718//10
f 336//11 717//11 2133//11 704//11
f 294//7 1324//7 2134//7 1323//7
f 1324//8 295//8 1325//8 2134//8
f 2134//8 1325//8 291//8 1316//8
f 1323//7 2134//7 1316//7 290//7
f 293//1 1322//1 2135//1 1321//1
f 1322//2 294//2 1323//2 2135//2
f 2135//2 1323//2 290//2 1314//2
f 1321//1 2135//1 1314//1 289//1
f 460//12 722//12 2136//12 721//12
f 437//13 723//13 2136//13 722//13
f 338//14 721//14 2136//14 723//14
f 292//3 1320//3 2137//3 1319//3
f 1320//4 293//4 1321//4 2137//4
f 2137//4 1321//4 289//4 1312//4
f 1319//3 2137//3 1312//3 288//3
f 291//15 1318//15 2138//15 1317//15
f 1318//16 288//16 1311//16 2138//16
f 2138//17 1311//17 284//17 1310//17
f 1317//18 2138//18 1310//18 287//18
f 290//19 1316//19 2139//19 1315//19
f 1316//20 291//20 1317//20 2139//20
f 2139//21 1317//21 287//21 1308//21
f 1315//22 2139//22 1308//22 286//22
f 289//23 1314//23 2140//23 1313//23
f 1314//24 290//24 1315//24 2140//24
f 2140//25 1315//25 286//25 1306//25
f 1313//26 2140//26 1306//26 285//26
f 288//27 1312//27 2141//27 1311//27
f 1312//28 289//28 1313//28 2141//28
f 2141//29 1313//29 285//29 1304//29
f 1311//30 2141//30 1304//30 284//30
f 287//31 1310//31 2142//31 1309//31
f 1310//32 284//32 1303//32 2142//32
f 2142//33 1303//33 21//33 1302//33
f 1309//34 2142//34 1302//34 24//34
f 286//35 1308//35 2143//35 1307//35
f 1308//36 287//36 1309//36 2143//36
f 2143//37 1309//37 24//37 1300//37
f 1307//38 2143//38 1300//38 23//38
f 173//39 739//39 2144//39 738//39
f 176//40 705//40 2144//40 739//40
f 634//41 738//41 2144//41 705//41
f 175//42 740//42 2145//42 742//42
f 422//43 741//43 2145//43 740//43
f 176//44 742//44 2145//44 741//44
f 285//45 1306//45 2146//45 1305//45
f 1306//46 286//46 1307//46 2146//46
f 2146//47 1307//47 23//47 1298//47
f 1305//48 2146//48 1298//48 22//48
f 284//49 1304//49 2147//49 1303//49
f 1304//50 285//50 1305//50 2147//50
f 2147//51 1305//51 22//51 1296//51
f 1303//52 2147//52 1296//52 21//52
f 24//53 1302//53 2148//53 1301//53
f 1302//54 21//54 1295//54 2148//54
f 2148//55 1295//55 280//55 1294//55
f 1301//56 2148//56 1294//56 283//56
f 23//57 1300//57 2149//57 1299//57
f 1300//58 24//58 1301//58 2149//58
f 2149//59 1301//59 283//59 1292//59
f 1299//60 2149//60 1292//60 282//60
f 22//61 1298//61 2150//61 1297//61
f 1298//62 23//62 1299//62 2150//62
f 2150//63 1299//63 282//63 1290//63
f 1297//64 2150//64 1290//64 281//64
f 21//65 1296//65 2151//65 1295//65
f 1296//66 22//66 1297//66 2151//66
f 2151//67 1297//67 281//67 1288//67
f 1295//68 2151//68 1288//68 280//68
f 283//69 1294//69 2152//69 1293//69
f 1294//70 280//70 1287//70 2152//70
f 2152//71 1287//71 276//71 1286//71
f 1293//72 2152//72 1286//72 279//72
f 181//73 751//73 2153//73 744//73
f 184//74 746//74 2153//74 751//74
f 210//75 744//75 2153//75 746//75
f 282//76 1292//76 2154//76 1291//76
f 1292//77 283//77 1293//77 2154//77
f 2154//78 1293//78 279//78 1284//78
f 1291//79 2154//79 1284//79 278//79
f 281//80 1290//80 2155//80 1289//80
f 1290//81 282//81 1291//81 2155//81
f 2155//82 1291//82 278//82 1282//82
f 1289//83 2155//83 1282//83 277//83
f 280//84 1288//84 2156//84 1287//84
f 1288//85 281//85 1289//85 2156//85
f 2156//86 1289//86 277//86 1280//86
f 1287//87 2156//87 1280//87 276//87
f 279//88 1286//88 2157//88 1285//88
f 1286//89 276//89 1279//89 2157//89
f 2157//90 1279//90 272//90 945//90
f 1285//91 2157//91 945//91 275//91
f 278//92 1284//92 2158//92 1283//92
f 1284//93 279//93 1285//93 2158//93
f 2158//94 1285//94 275//94 943//94
f 1283//95 2158//95 943//95 274//95
f 277//96 1282//96 2159//96 1281//96
f 1282//97 278//97 1283//97 2159//97
f 2159//98 1283//98 274//98 941//98
f 1281//99 2159//99 941//99 273//99
f 384//100 769//100 2160//100 768//100
f 211//101 755//101 2160//101 769//101
f 212//102 768//102 2160//102 755//102
f 276//103 1280//103 2161//103 1279//103
f 1280//104 277//104 1281//104 2161//104
f 2161//105 1281//105 273//105 950//105
f 1279//106 2161//106 950//106 272//106
f 235//107 770//107 2162//107 754//107
f 192//108 761//108 2162//108 770//108
f 500//109 754//109 2162//109 761//109
f 20//110 1278//110 2163//110 1277//110
f 1278//111 17//111 1271//111 2163//111
f 2163//112 1271//112 268//112 1270//112
f 1277//113 2163//113 1270//113 271//113
f 19//114 1276//114 2164//114 1275//114
f 1276//115 20//115 1277//115 2164//115
f 2164//116 1277//116 271//116 1268//116
f 1275//117 2164//117 1268//117 270//117
f 18//118 1274//118 2165//118 1273//118
f 1274//119 19//119 1275//119 2165//119
f 2165//120 1275//120 270//120 1266//120
f 1273//121 2165//121 1266//121 269//121
f 17//122 1272//122 2166//122 1271//122
f 1272//123 18//123 1273//123 2166//123
f 2166//124 1273//124 269//124 1264//124
f 1271//125 2166//125 1264//125 268//125
f 271//126 1270//126 2167//126 1269//126
f 1270//127 268//127 1263//127 2167//127
f 2167//128 1263//128 264//128 1262//128
f 1269//129 2167//129 1262//129 267//129
f 270//130 1268//130 2168//130 1267//130
f 1268//131 271//131 1269//131 2168//131
f 2168//132 1269//132 267//132 1260//132
f 1267//133 2168//133 1260//133 266//133
f 269//134 1266//134 2169//134 1265//134
f 1266//135 270//135 1267//135 2169//135
f 2169//136 1267//136 266//136 1257//136
f 1265//137 2169//137 1257//137 265//137
f 190//138 790//138 2170//138 789//138
f 499//139 777//139 2170//139 790//139
f 191//140 789//140 2170//140 777//140
f 268//141 1264//141 2171//141 1263//141
f 1264//142 269//142 1265//142 2171//142
f 2171//143 1265//143 265//143 1255//143
f 1263//144 2171//144 1255//144 264//144
f 267//145 1262//145 2172//145 1261//145
f 1262//146 264//146 1254//146 2172//146
f 2172//147 1254//147 260//147 826//147
f 1261//148 2172//148 826//148 263//148
f 266//149 1260//149 2173//149 1258//149
f 1260//150 267//150 1261//150 2173//150
f 2173//151 1261//151 263//151 827//151
f 1258//152 2173//152 827//152 262//152
f 265//153 1257//153 2174//153 1256//153
f 1257//154 266//154 1258//154 2174//154
f 2174//155 1258//155 262//155 1259//155
f 1256//156 2174//156 1259//156 261//156
f 264//157 1255//157 2175//157 1254//157
f 1255//158 265//158 1256//158 2175//158
f 2175//159 1256//159 261//159 802//159
f 1254//160 2175//160 802//160 260//160
f 342//161 804//161 2176//161 803//161
f 246//162 785//162 2176//162 804//162
f 341//163 803//163 2176//163 785//163
f 259//164 823//164 2177//164 1253//164
f 823//165 256//165 1250//165 2177//165
f 2177//166 1250//166 252//166 1249//166
f 1253//167 2177//167 1249//167 255//167
f 258//168 839//168 2178//168 1252//168
f 839//169 259//169 1253//169 2178//169
f 2178//170 1253//170 255//170 1247//170
f 1252//171 2178//171 1247//171 254//171
f 257//172 838//172 2179//172 1251//172
f 838//173 258//173 1252//173 2179//173
f 2179//174 1252//174 254//174 1245//174
f 1251//175 2179//175 1245//175 253//175
f 242//176 810//176 2180//176 809//176
f 241//177 797//177 2180//177 810//177
f 245//178 809//178 2180//178 797//178
f 256//179 836//179 2181//179 1250//179
f 836//180 257//180 1251//180 2181//180
f 2181//181 1251//181 253//181 1243//181
f 1250//182 2181//182 1243//182 252//182
f 255//183 1249//183 2182//183 1248//183
f 1249//184 252//184 1242//184 2182//184
f 2182//185 1242//185 248//185 1241//185
f 1248//186 2182//186 1241//186 251//186
f 254//187 1247//187 2183//187 1246//187
f 1247//188 255//188 1248//188 2183//188
f 2183//189 1248//189 251//189 1239//189
f 1246//190 2183//190 1239//190 250//190
f 253//191 1245//191 2184//191 1244//191
f 1245//192 254//192 1246//192 2184//192
f 2184//193 1246//193 250//193 1237//193
f 1244//194 2184//194 1237//194 249//194
f 252//195 1243//195 2185//195 1242//195
f 1243//196 253//196 1244//196 2185//196
f 2185//197 1244//197 249//197 1235//197
f 1242//198 2185//198 1235//198 248//198
f 251//199 1241//199 2186//199 1240//199
f 1241//200 248//200 1234//200 2186//200
f 2186//201 1234//201 245//201 796//201
f 1240//202 2186//202 796//202 247//202
f 250//203 1239//203 2187//203 1238//203
f 1239//204 251//204 1240//204 2187//204
f 2187//205 1240//205 247//205 784//205
f 1238//206 2187//206 784//206 246//206
f 249//207 1237//207 2188//207 1236//207
f 1237//208 250//208 1238//208 2188//208
f 2188//209 1238//209 246//209 808//209
f 1236//210 2188//210 808//210 242//210
f 258//211 830//211 2189//211 829//211
f 513//212 831//212 2189//212 830//212
f 262//213 829//213 2189//213 831//213
f 187//214 890//214 2190//214 891//214
f 188//215 877//215 2190//215 890//215
f 653//216 891//216 2190//216 877//216
f 248//217 1235//217 2191//217 1234//217
f 1235//218 249//218 1236//218 2191//218
f 2191//219 1236//219 242//219 809//219
f 1234//220 2191//220 809//220 245//220
f 244//221 813//221 2192//221 1233//221
f 813//222 241//222 1230//222 2192//222
f 2192//223 1230//223 237//223 1229//223
f 1233//224 2192//224 1229//224 240//224
f 257//225 836//225 2193//225 835//225
f 256//226 821//226 2193//226 836//226
f 512//227 835//227 2193//227 821//227
f 348//228 779//228 2194//228 832//228
f 177//229 840//229 2194//229 779//229
f 178//230 832//230 2194//230 840//230
f 243//231 812//231 2195//231 1232//231
f 812//232 244//232 1233//232 2195//232
f 2195//233 1233//233 240//233 1227//233
f 1232//234 2195//234 1227//234 239//234
f 242//235 807//235 2196//235 1231//235
f 807//236 243//236 1232//236 2196//236
f 2196//237 1232//237 239//237 1224//237
f 1231//238 2196//238 1224//238 238//238
f 241//239 810//239 2197//239 1230//239
f 810//240 242//240 1231//240 2197//240
f 2197//241 1231//241 238//241 1222//241
f 1230//242 2197//242 1222//242 237//242
f 240//243 1229//243 2198//243 1228//243
f 1229//244 237//244 1221//244 2198//244
f 2198//245 1221//245 233//245 793//245
f 1228//246 2198//246 793//246 236//246
f 239//247 1227//247 2199//247 1225//247
f 1227//248 240//248 1228//248 2199//248
f 2199//249 1228//249 236//249 781//249
f 1225//250 2199//250 781//250 235//250
f 238//251 1224//251 2200//251 1223//251
f 1224//252 239//252 1225//252 2200//252
f 2200//253 1225//253 235//253 1226//253
f 1223//254 2200//254 1226//254 234//254
f 237//255 1222//255 2201//255 1221//255
f 1222//256 238//256 1223//256 2201//256
f 2201//257 1223//257 234//257 792//257
f 1221//258 2201//258 792//258 233//258
f 16//259 1050//259 2202//259 1220//259
f 1050//260 13//260 1217//260 2202//260
f 2202//261 1217//261 229//261 1216//261
f 1220//262 2202//262 1216//262 232//262
f 15//263 1047//263 2203//263 1219//263
f 1047//264 16//264 1220//264 2203//264
f 2203//265 1220//265 232//265 1214//265
f 1219//266 2203//266 1214//266 231//266
f 14//267 1045//267 2204//267 1218//267
f 1045//268 15//268 1219//268 2204//268
f 2204//269 1219//269 231//269 1212//269
f 1218//270 2204//270 1212//270 230//270
f 13//271 1043//271 2205//271 1217//271
f 1043//272 14//272 1218//272 2205//272
f 2205//273 1218//273 230//273 1210//273
f 1217//274 2205//274 1210//274 229//274
f 349//275 852//275 2206//275 858//275
f 347//276 859//276 2206//276 852//276
f 346//277 858//277 2206//277 859//277
f 232//278 1216//278 2207//278 1215//278
f 1216//279 229//279 1209//279 2207//279
f 2207//280 1209//280 225//280 987//280
f 1215//281 2207//281 987//281 228//281
f 231//282 1214//282 2208//282 1213//282
f 1214//283 232//283 1215//283 2208//283
f 2208//284 1215//284 228//284 988//284
f 1213//285 2208//285 988//285 227//285
f 585//286 870//286 2209//286 869//286
f 167//287 853//287 2209//287 870//287
f 168//288 869//288 2209//288 853//288
f 230//289 1212//289 2210//289 1211//289
f 1212//290 231//290 1213//290 2210//290
f 2210//291 1213//291 227//291 974//291
f 1211//292 2210//292 974//292 226//292
f 229//293 1210//293 2211//293 1209//293
f 1210//294 230//294 1211//294 2211//294
f 2211//295 1211//295 226//295 986//295
f 1209//296 2211//296 986//296 225//296
f 12//297 1208//297 2212//297 1207//297
f 1208//298 9//298 1201//298 2212//298
f 2212//299 1201//299 221//299 1200//299
f 1207//300 2212//300 1200//300 224//300
f 11//301 1206//301 2213//301 1205//301
f 1206//302 12//302 1207//302 2213//302
f 2213//303 1207//303 224//303 1198//303
f 1205//304 2213//304 1198//304 223//304
f 10//305 1204//305 2214//305 1203//305
f 1204//306 11//306 1205//306 2214//306
f 2214//307 1205//307 223//307 1196//307
f 1203//308 2214//308 1196//308 222//308
f 9//309 1202//309 2215//309 1201//309
f 1202//310 10//310 1203//310 2215//310
f 2215//311 1203//311 222//311 1194//311
f 1201//312 2215//312 1194//312 221//312
f 388//313 880//313 2216//313 879//313
f 584//314 863//314 2216//314 880//314
f 385//315 879//315 2216//315 863//315
f 224//316 1200//316 2217//316 1199//316
f 1200//317 221//317 1193//317 2217//317
f 2217//318 1193//318 217//318 1192//318
f 1199//319 2217//319 1192//319 220//319
f 223//320 1198//320 2218//320 1197//320
f 1198//321 224//321 1199//321 2218//321
f 2218//322 1199//322 220//322 1190//322
f 1197//323 2218//323 1190//323 219//323
f 222//324 1196//324 2219//324 1195//324
f 1196//325 223//325 1197//325 2219//325
f 2219//326 1197//326 219//326 1188//326
f 1195//327 2219//327 1188//327 218//327
f 221//328 1194//328 2220//328 1193//328
f 1194//329 222//329 1195//329 2220//329
f 2220//330 1195//330 218//330 1186//330
f 1193//331 2220//331 1186//331 217//331
f 220//332 1192//332 2221//332 1191//332
f 1192//333 217//333 1185//333 2221//333
f 2221//334 1185//334 213//334 1184//334
f 1191//335 2221//335 1184//335 216//335
f 219//336 1190//336 2222//336 1189//336
f 1190//337 220//337 1191//337 2222//337
f 2222//338 1191//338 216//338 1182//338
f 1189//339 2222//339 1182//339 215//339
f 218//340 1188//340 2223//340 1187//340
f 1188//341 219//341 1189//341 2223//341
f 2223//342 1189//342 215//342 1180//342
f 1187//343 2223//343 1180//343 214//343
f 217//344 1186//344 2224//344 1185//344
f 1186//345 218//345 1187//345 2224//345
f 2224//346 1187//346 214//346 1178//346
f 1185//347 2224//347 1178//347 213//347
f 216//348 1184//348 2225//348 1183//348
f 1184//349 213//349 1177//349 2225//349
f 2225//350 1177//350 209//350 731//350
f 1183//351 2225//351 731//351 212//351
f 439//352 901//352 2226//352 900//352
f 442//353 887//353 2226//353 901//353
f 651//354 900//354 2226//354 887//354
f 468//355 907//355 2227//355 897//355
f 472//356 908//356 2227//356 907//356
f 490//357 897//357 2227//357 908//357
f 215//358 1182//358 2228//358 1181//358
f 1182//359 216//359 1183//359 2228//359
f 2228//360 1183//360 212//360 755//360
f 1181//361 2228//361 755//361 211//361
f 214//362 1180//362 2229//362 1179//362
f 1180//363 215//363 1181//363 2229//363
f 2229//364 1181//364 211//364 756//364
f 1179//365 2229//365 756//365 210//365
f 213//366 1178//366 2230//366 1177//366
f 1178//367 214//367 1179//367 2230//367
f 2230//368 1179//368 210//368 732//368
f 1177//369 2230//369 732//369 209//369
f 8//370 1077//370 2231//370 1176//370
f 1077//371 5//371 1173//371 2231//371
f 2231//372 1173//372 205//372 1172//372
f 1176//373 2231//373 1172//373 208//373
f 7//374 1067//374 2232//374 1175//374
f 1067//375 8//375 1176//375 2232//375
f 2232//376 1176//376 208//376 1170//376
f 1175//377 2232//377 1170//377 207//377
f 6//378 1060//378 2233//378 1174//378
f 1060//379 7//379 1175//379 2233//379
f 2233//380 1175//380 207//380 1168//380
f 1174//381 2233//381 1168//381 206//381
f 5//382 1057//382 2234//382 1173//382
f 1057//383 6//383 1174//383 2234//383
f 2234//384 1174//384 206//384 1166//384
f 1173//385 2234//385 1166//385 205//385
f 208//386 1172//386 2235//386 1171//386
f 1172//387 205//387 1165//387 2235//387
f 2235//387 1165//387 201//387 1164//387
f 1171//386 2235//386 1164//386 204//386
f 207//388 1170//388 2236//388 1169//388
f 1170//389 208//389 1171//389 2236//389
f 2236//389 1171//389 204//389 1162//389
f 1169//388 2236//388 1162//388 203//388
f 206//390 1168//390 2237//390 1167//390
f 1168//391 207//391 1169//391 2237//391
f 2237//391 1169//391 203//391 1160//391
f 1167//390 2237//390 1160//390 202//390
f 470//392 925//392 2238//392 924//392
f 489//393 911//393 2238//393 925//393
f 469//394 924//394 2238//394 911//394
f 205//395 1166//395 2239//395 1165//395
f 1166//396 206//396 1167//396 2239//396
f 2239//396 1167//396 202//396 1158//396
f 1165//395 2239//395 1158//395 201//395
f 204//386 1164//386 2240//386 1163//386
f 1164//387 201//387 1157//387 2240//387
f 2240//397 1157//397 197//397 1156//397
f 1163//398 2240//398 1156//398 200//398
f 203//388 1162//388 2241//388 1161//388
f 1162//389 204//389 1163//389 2241//389
f 2241//389 1163//389 200//389 1154//389
f 1161//388 2241//388 1154//388 199//388
f 202//390 1160//390 2242//390 1159//390
f 1160//391 203//391 1161//391 2242//391
f 2242//391 1161//391 199//391 1152//391
f 1159//390 2242//390 1152//390 198//390
f 201//395 1158//395 2243//395 1157//395
f 1158//396 202//396 1159//396 2243//396
f 2243//396 1159//396 198//396 1150//396
f 1157//395 2243//395 1150//395 197//395
f 200//399 1156//399 2244//399 1155//399
f 1156//400 197//400 1149//400 2244//400
f 2244//401 1149//401 193//401 1148//401
f 1155//402 2244//402 1148//402 196//402
f 199//403 1154//403 2245//403 1153//403
f 1154//404 200//404 1155//404 2245//404
f 2245//405 1155//405 196//405 1146//405
f 1153//406 2245//406 1146//406 195//406
f 198//407 1152//407 2246//407 1151//407
f 1152//408 199//408 1153//408 2246//408
f 2246//409 1153//409 195//409 1144//409
f 1151//410 2246//410 1144//410 194//410
f 197//411 1150//411 2247//411 1149//411
f 1150//412 198//412 1151//412 2247//412
f 2247//413 1151//413 194//413 1142//413
f 1149//414 2247//414 1142//414 193//414
f 196//415 1148//415 2248//415 1147//415
f 1148//416 193//416 1141//416 2248//416
f 2248//417 1141//417 1//417 1119//417
f 1147//418 2248//418 1119//418 4//418
f 195//419 1146//419 2249//419 1145//419
f 1146//420 196//420 1147//420 2249//420
f 2249//421 1147//421 4//421 1117//421
f 1145//422 2249//422 1117//422 3//422
f 194//423 1144//423 2250//423 1143//423
f 1144//424 195//424 1145//424 2250//424
f 2250//425 1145//425 3//425 1115//425
f 1143//426 2250//426 1115//426 2//426
f 193//427 1142//427 2251//427 1141//427
f 1142//428 194//428 1143//428 2251//428
f 2251//429 1143//429 2//429 1113//429
f 1141//430 2251//430 1113//430 1//430
f 192//431 786//431 2252//431 1140//431
f 786//432 189//432 1137//432 2252//432
f 2252//433 1137//433 185//433 883//433
f 1140//434 2252//434 883//434 188//434
f 542//435 947//435 2253//435 920//435
f 362//436 946//436 2253//436 947//436
f 363//437 920//437 2253//437 946//437
f 191//438 775//438 2254//438 1139//438
f 775//439 192//439 1140//439 2254//439
f 2254//440 1140//440 188//440 890//440
f 1139//441 2254//441 890//441 187//441
f 190//442 789//442 2255//442 1138//442
f 789//443 191//443 1139//443 2255//443
f 2255//444 1139//444 187//444 895//444
f 1138//445 2255//445 895//445 186//445
f 189//446 788//446 2256//446 1137//446
f 788//447 190//447 1138//447 2256//447
f 2256//448 1138//448 186//448 896//448
f 1137//449 2256//449 896//449 185//449
f 184//450 751//450 2257//450 1136//450
f 751//451 181//451 1133//451 2257//451
f 2257//452 1133//452 177//452 841//452
f 1136//453 2257//453 841//453 180//453
f 183//454 763//454 2258//454 1135//454
f 763//455 184//455 1136//455 2258//455
f 2258//456 1136//456 180//456 843//456
f 1135//457 2258//457 843//457 179//457
f 182//458 760//458 2259//458 1134//458
f 760//459 183//459 1135//459 2259//459
f 2259//460 1135//460 179//460 844//460
f 1134//461 2259//461 844//461 178//461
f 540//462 969//462 2260//462 968//462
f 539//463 956//463 2260//463 969//463
f 543//464 968//464 2260//464 956//464
f 181//465 762//465 2261//465 1133//465
f 762//466 182//466 1134//466 2261//466
f 2261//467 1134//467 178//467 840//467
f 1133//468 2261//468 840//468 177//468
f 685//469 1078//469 2262//469 1080//469
f 688//470 1079//470 2262//470 1078//470
f 689//471 1080//471 2262//471 1079//471
f 176//472 739//472 2263//472 1132//472
f 739//473 173//473 1128//473 2263//473
f 2263//474 1128//474 169//474 1127//474
f 1132//475 2263//475 1127//475 172//475
f 175//476 742//476 2264//476 1131//476
f 742//477 176//477 1132//477 2264//477
f 2264//478 1132//478 172//478 1125//478
f 1131//479 2264//479 1125//479 171//479
f 567//480 982//480 2265//480 977//480
f 568//481 983//481 2265//481 982//481
f 564//482 977//482 2265//482 983//482
f 174//483 752//483 2266//483 1130//483
f 752//484 175//484 1131//484 2266//484
f 2266//485 1131//485 171//485 1123//485
f 1130//486 2266//486 1123//486 170//486
f 173//487 1129//487 2267//487 1128//487
f 1129//488 174//488 1130//488 2267//488
f 2267//489 1130//489 170//489 1121//489
f 1128//490 2267//490 1121//490 169//490
f 172//491 1127//491 2268//491 1126//491
f 1127//492 169//492 1120//492 2268//492
f 2268//493 1120//493 165//493 850//493
f 1126//494 2268//494 850//494 168//494
f 171//495 1125//495 2269//495 1124//495
f 1125//496 172//496 1126//496 2269//496
f 2269//497 1126//497 168//497 853//497
f 1124//498 2269//498 853//498 167//498
f 228//499 990//499 2270//499 988//499
f 570//500 979//500 2270//500 990//500
f 227//501 988//501 2270//501 979//501
f 170//502 1123//502 2271//502 1122//502
f 1123//503 171//503 1124//503 2271//503
f 2271//504 1124//504 167//504 842//504
f 1122//505 2271//505 842//505 166//505
f 169//506 1121//506 2272//506 1120//506
f 1121//507 170//507 1122//507 2272//507
f 2272//508 1122//508 166//508 860//508
f 1120//509 2272//509 860//509 165//509
f 4//510 1119//510 2273//510 1118//510
f 1119//511 1//511 1112//511 2273//511
f 2273//512 1112//512 161//512 1111//512
f 1118//513 2273//513 1111//513 164//513
f 3//514 1117//514 2274//514 1116//514
f 1117//515 4//515 1118//515 2274//515
f 2274//516 1118//516 164//516 1109//516
f 1116//517 2274//517 1109//517 163//517
f 2//518 1115//518 2275//518 1114//518
f 1115//519 3//519 1116//519 2275//519
f 2275//520 1116//520 163//520 1107//520
f 1114//521 2275//521 1107//521 162//521
f 1//522 1113//522 2276//522 1112//522
f 1113//523 2//523 1114//523 2276//523
f 2276//524 1114//524 162//524 1105//524
f 1112//525 2276//525 1105//525 161//525
f 391//526 1007//526 2277//526 1006//526
f 392//527 992//527 2277//527 1007//527
f 592//528 1006//528 2277//528 992//528
f 164//529 1111//529 2278//529 1110//529
f 1111//530 161//530 1104//530 2278//530
f 2278//531 1104//531 157//531 1103//531
f 1110//532 2278//532 1103//532 160//532
f 163//533 1109//533 2279//533 1108//533
f 1109//534 164//534 1110//534 2279//534
f 2279//535 1110//535 160//535 1101//535
f 1108//536 2279//536 1101//536 159//536
f 162//537 1107//537 2280//537 1106//537
f 1107//538 163//538 1108//538 2280//538
f 2280//539 1108//539 159//539 1099//539
f 1106//540 2280//540 1099//540 158//540
f 161//541 1105//541 2281//541 1104//541
f 1105//542 162//542 1106//542 2281//542
f 2281//543 1106//543 158//543 1096//543
f 1104//544 2281//544 1096//544 157//544
f 160//545 1103//545 2282//545 1102//545
f 1103//546 157//546 1095//546 2282//546
f 2282//547 1095//547 153//547 733//547
f 1102//548 2282//548 733//548 156//548
f 402//549 1016//549 2283//549 1002//549
f 614//550 1009//550 2283//550 1016//550
f 401//551 1002//551 2283//551 1009//551
f 159//552 1101//552 2284//552 1100//552
f 1101//553 160//553 1102//553 2284//553
f 2284//554 1102//554 156//554 725//554
f 1100//555 2284//555 725//555 155//555
f 158//556 1099//556 2285//556 1097//556
f 1099//557 159//557 1100//557 2285//557
f 2285//558 1100//558 155//558 730//558
f 1097//559 2285//559 730//559 154//559
f 589//560 1015//560 2286//560 1019//560
f 588//561 1020//561 2286//561 1015//561
f 593//562 1019//562 2286//562 1020//562
f 157//563 1096//563 2287//563 1095//563
f 1096//564 158//564 1097//564 2287//564
f 2287//565 1097//565 154//565 1098//565
f 1095//566 2287//566 1098//566 153//566
f 152//567 1094//567 2288//567 709//567
f 1094//568 151//568 1087//568 2288//568
f 2288//569 1087//569 150//569 1068//569
f 709//570 2288//570 1068//570 149//570
f 148//571 720//571 2289//571 726//571
f 720//572 147//572 715//572 2289//572
f 2289//573 715//573 146//573 712//573
f 726//574 2289//574 712//574 145//574
f 660//575 1052//575 2290//575 1054//575
f 657//576 1053//576 2290//576 1052//576
f 656//577 1054//577 2290//577 1053//577
f 140//578 737//578 2291//578 748//578
f 737//579 139//579 735//579 2291//579
f 2291//580 735//580 138//580 729//580
f 748//581 2291//581 729//581 137//581
f 132//582 764//582 2292//582 766//582
f 764//583 131//583 758//583 2292//583
f 2292//584 758//584 130//584 753//584
f 766//585 2292//585 753//585 129//585
f 124//586 780//586 2293//586 783//586
f 780//587 123//587 776//587 2293//587
f 2293//588 776//588 122//588 774//588
f 783//589 2293//589 774//589 121//589
f 116//590 798//590 2294//590 806//590
f 798//591 115//591 794//591 2294//591
f 2294//592 794//592 114//592 791//592
f 806//593 2294//593 791//593 113//593
f 108//594 818//594 2295//594 820//594
f 818//595 107//595 814//595 2295//595
f 2295//596 814//596 106//596 811//596
f 820//597 2295//597 811//597 105//597
f 100//598 834//598 2296//598 846//598
f 834//599 99//599 828//599 2296//599
f 2296//600 828//600 98//600 824//600
f 846//601 2296//601 824//601 97//601
f 92//602 861//602 2297//602 864//602
f 861//603 91//603 857//603 2297//603
f 2297//604 857//604 90//604 856//604
f 864//605 2297//605 856//605 89//605
f 88//606 873//606 2298//606 881//606
f 873//607 87//607 871//607 2298//607
f 2298//608 871//608 86//608 867//608
f 881//609 2298//609 867//609 85//609
f 84//610 893//610 2299//610 898//610
f 893//611 83//611 888//611 2299//611
f 2299//612 888//612 82//612 885//612
f 898//613 2299//613 885//613 81//613
f 80//614 914//614 2300//614 919//614
f 914//615 79//615 910//615 2300//615
f 2300//616 910//616 78//616 904//616
f 919//617 2300//617 904//617 77//617
f 612//618 1040//618 2301//618 1046//618
f 611//619 1037//619 2301//619 1040//619
f 615//620 1046//620 2301//620 1037//620
f 72//621 932//621 2302//621 937//621
f 932//622 71//622 929//622 2302//622
f 2302//623 929//623 70//623 927//623
f 937//624 2302//624 927//624 69//624
f 64//625 953//625 2303//625 959//625
f 953//626 63//626 949//626 2303//626
f 2303//627 949//627 62//627 940//627
f 959//628 2303//628 940//628 61//628
f 48//629 972//629 2304//629 975//629
f 972//630 47//630 965//630 2304//630
f 2304//631 965//631 46//631 963//631
f 975//632 2304//632 963//632 45//632
f 33//633 989//633 2305//633 994//633
f 989//634 34//634 984//634 2305//634
f 2305//635 984//635 35//635 980//635
f 994//636 2305//636 980//636 36//636
f 32//637 1012//637 2306//637 1018//637
f 1012//638 31//638 1005//638 2306//638
f 2306//639 1005//639 30//639 999//639
f 1018//640 2306//640 999//640 29//640
f 672//641 1075//641 2307//641 1074//641
f 669//642 1076//642 2307//642 1075//642
f 690//643 1074//643 2307//643 1076//643
f 671//644 1073//644 2308//644 1072//644
f 672//645 1074//645 2308//645 1073//645
f 690//646 1072//646 2308//646 1074//646
f 28//647 1026//647 2309//647 1031//647
f 1026//648 27//648 1023//648 2309//648
f 2309//649 1023//649 26//649 1022//649
f 1031//650 2309//650 1022//650 25//650
f 691//651 1071//651 2310//651 1065//651
f 671//652 1072//652 2310//652 1071//652
f 690//653 1065//653 2310//653 1072//653
f 460//654 721//654 2311//654 719//654
f 721//655 338//655 707//655 2311//655
f 2311//656 707//656 337//656 718//656
f 719//657 2311//657 718//657 459//657
f 16//658 1047//658 2312//658 1050//658
f 1047//659 15//659 1045//659 2312//659
f 2312//660 1045//660 14//660 1043//660
f 1050//661 2312//661 1043//661 13//661
f 446//662 1064//662 2313//662 1070//662
f 443//663 1061//663 2313//663 1064//663
f 658//664 1070//664 2313//664 1061//664
f 440//665 905//665 2314//665 903//665
f 905//666 186//666 895//666 2314//666
f 2314//667 895//667 187//667 894//667
f 903//668 2314//668 894//668 441//668
f 8//669 1067//669 2315//669 1077//669
f 1067//670 7//670 1060//670 2315//670
f 2315//671 1060//671 6//671 1057//671
f 1077//672 2315//672 1057//672 5//672
f 688//673 1083//673 2316//673 1081//673
f 687//674 1084//674 2316//674 1083//674
f 691//675 1081//675 2316//675 1084//675
f 687//676 1085//676 2317//676 1084//676
f 671//677 1071//677 2317//677 1085//677
f 691//678 1084//678 2317//678 1071//678
f 440//679 906//679 2318//679 905//679
f 906//680 439//680 899//680 2318//680
f 2318//681 899//681 185//681 896//681
f 905//682 2318//682 896//682 186//682
f 435//683 713//683 2319//683 711//683
f 713//684 336//684 706//684 2319//684
f 2319//685 706//685 339//685 710//685
f 711//686 2319//686 710//686 438//686
f 687//687 1089//687 2320//687 1085//687
f 670//688 1088//688 2320//688 1089//688
f 671//689 1085//689 2320//689 1088//689
f 670//690 1090//690 2321//690 1086//690
f 686//691 1091//691 2321//691 1090//691
f 669//692 1086//692 2321//692 1091//692
f 686//693 1092//693 2322//693 1091//693
f 685//694 1082//694 2322//694 1092//694
f 669//695 1091//695 2322//695 1082//695
f 436//696 716//696 2323//696 714//696
f 716//697 459//697 717//697 2323//697
f 2323//698 717//698 336//698 713//698
f 714//699 2323//699 713//699 435//699
f 437//700 724//700 2324//700 723//700
f 724//701 438//701 710//701 2324//701
f 2324//702 710//702 339//702 708//702
f 723//703 2324//703 708//703 338//703
f 686//704 1090//704 2325//704 1093//704
f 670//705 1089//705 2325//705 1090//705
f 687//706 1093//706 2325//706 1089//706
f 441//707 894//707 2326//707 892//707
f 894//708 187//708 891//708 2326//708
f 2326//709 891//709 653//709 889//709
f 892//710 2326//710 889//710 442//710
f 236//711 787//711 2327//711 781//711
f 787//712 189//712 786//712 2327//712
f 2327//713 786//713 192//713 770//713
f 781//714 2327//714 770//714 235//714
f 190//715 795//715 2328//715 790//715
f 795//716 233//716 792//716 2328//716
f 2328//717 792//717 234//717 782//717
f 790//718 2328//718 782//718 499//718
f 233//719 795//719 2329//719 793//719
f 795//720 190//720 788//720 2329//720
f 2329//721 788//721 189//721 787//721
f 793//722 2329//722 787//722 236//722
f 467//723 922//723 2330//723 918//723
f 922//724 471//724 921//724 2330//724
f 2330//725 921//725 472//725 907//725
f 918//726 2330//726 907//726 468//726
f 443//727 1063//727 2331//727 1062//727
f 1063//728 444//728 1048//728 2331//728
f 2331//729 1048//729 655//729 1036//729
f 1062//730 2331//730 1036//730 654//730
f 445//731 1051//731 2332//731 1049//731
f 1051//732 656//732 1029//732 2332//732
f 2332//733 1029//733 655//733 1048//733
f 1049//734 2332//734 1048//734 444//734
f 471//735 922//735 2333//735 923//735
f 922//736 467//736 916//736 2333//736
f 2333//737 916//737 466//737 926//737
f 923//738 2333//738 926//738 470//738
f 658//739 1061//739 2334//739 1059//739
f 1061//740 443//740 1062//740 2334//740
f 2334//741 1062//741 654//741 1055//741
f 1059//742 2334//742 1055//742 657//742
f 244//743 815//743 2335//743 813//743
f 815//744 343//744 816//744 2335//744
f 2335//745 816//745 340//745 799//745
f 813//746 2335//746 799//746 241//746
f 343//747 815//747 2336//747 817//747
f 815//748 244//748 812//748 2336//748
f 2336//749 812//749 243//749 805//749
f 817//750 2336//750 805//750 342//750
f 243//751 807//751 2337//751 805//751
f 807//752 242//752 808//752 2337//752
f 2337//753 808//753 246//753 804//753
f 805//754 2337//754 804//754 342//754
f 274//755 943//755 2338//755 942//755
f 943//756 275//756 928//756 2338//756
f 2338//757 928//757 504//757 917//757
f 942//758 2338//758 917//758 503//758
f 273//759 941//759 2339//759 939//759
f 941//760 274//760 942//760 2339//760
f 2339//761 942//761 503//761 934//761
f 939//762 2339//762 934//762 502//762
f 439//763 900//763 2340//763 899//763
f 900//764 651//764 886//764 2340//764
f 2340//765 886//765 652//765 884//765
f 899//766 2340//766 884//766 185//766
f 470//767 926//767 2341//767 925//767
f 926//768 466//768 915//768 2341//768
f 2341//769 915//769 465//769 913//769
f 925//770 2341//770 913//770 489//770
f 345//771 849//771 2342//771 848//771
f 849//772 344//772 837//772 2342//772
f 2342//773 837//773 348//773 832//773
f 848//774 2342//774 832//774 178//774
f 188//775 883//775 2343//775 877//775
f 883//776 185//776 884//776 2343//776
f 2343//777 884//777 652//777 851//777
f 877//778 2343//778 851//778 653//778
f 349//779 858//779 2344//779 855//779
f 858//780 346//780 845//780 2344//780
f 2344//781 845//781 179//781 843//781
f 855//782 2344//782 843//782 180//782
f 346//783 847//783 2345//783 845//783
f 847//784 345//784 848//784 2345//784
f 2345//785 848//785 178//785 844//785
f 845//786 2345//786 844//786 179//786
f 383//787 771//787 2346//787 773//787
f 771//788 384//788 767//788 2346//788
f 2346//789 767//789 183//789 760//789
f 773//790 2346//790 760//790 182//790
f 383//791 773//791 2347//791 772//791
f 773//792 182//792 762//792 2347//792
f 2347//793 762//793 181//793 759//793
f 772//794 2347//794 759//794 382//794
f 506//795 938//795 2348//795 936//795
f 938//796 502//796 935//796 2348//796
f 2348//797 935//797 501//797 933//797
f 936//798 2348//798 933//798 505//798
f 505//799 933//799 2349//799 931//799
f 933//800 501//800 902//800 2349//800
f 2349//801 902//801 504//801 930//801
f 931//802 2349//802 930//802 507//802
f 541//803 966//803 2350//803 964//803
f 966//804 540//804 967//804 2350//804
f 2350//805 967//805 364//805 961//805
f 964//806 2350//806 961//806 365//806
f 541//807 964//807 2351//807 971//807
f 964//808 365//808 962//808 2351//808
f 2351//809 962//809 362//809 960//809
f 971//810 2351//810 960//810 538//810
f 386//811 876//811 2352//811 875//811
f 876//812 385//812 862//812 2352//812
f 2352//813 862//813 165//813 860//813
f 875//814 2352//814 860//814 166//814
f 387//815 874//815 2353//815 872//815
f 874//816 386//816 875//816 2353//816
f 2353//817 875//817 166//817 842//817
f 872//818 2353//818 842//818 167//818
f 191//819 777//819 2354//819 775//819
f 777//820 499//820 778//820 2354//820
f 2354//821 778//821 500//821 761//821
f 775//822 2354//822 761//822 192//822
f 382//823 759//823 2355//823 757//823
f 759//824 181//824 744//824 2355//824
f 2355//825 744//825 210//825 756//825
f 757//826 2355//826 756//826 211//826
f 659//827 1058//827 2356//827 1056//827
f 1058//828 660//828 1054//828 2356//828
f 2356//829 1054//829 656//829 1051//829
f 1056//830 2356//830 1051//830 445//830
f 469//831 911//831 2357//831 909//831
f 911//832 489//832 912//832 2357//832
f 2357//833 912//833 490//833 908//833
f 909//834 2357//834 908//834 472//834
f 512//835 821//835 2358//835 819//835
f 821//836 256//836 822//836 2358//836
f 2358//837 822//837 260//837 802//837
f 819//838 2358//838 802//838 261//838
f 241//839 799//839 2359//839 797//839
f 799//840 340//840 800//840 2359//840
f 2359//841 800//841 247//841 796//841
f 797//842 2359//842 796//842 245//842
f 180//843 841//843 2360//843 855//843
f 841//844 177//844 779//844 2360//844
f 2360//845 779//845 348//845 854//845
f 855//846 2360//846 854//846 349//846
f 446//847 1070//847 2361//847 1066//847
f 1070//848 658//848 1069//848 2361//848
f 2361//849 1069//849 659//849 1056//849
f 1066//850 2361//850 1056//850 445//850
f 340//851 801//851 2362//851 800//851
f 801//852 341//852 785//852 2362//852
f 2362//853 785//853 246//853 784//853
f 800//854 2362//854 784//854 247//854
f 587//855 1013//855 2363//855 1011//855
f 1013//856 586//856 998//856 2363//856
f 2363//857 998//857 389//857 1010//857
f 1011//858 2363//858 1010//858 390//858
f 588//859 1014//859 2364//859 1021//859
f 1014//860 587//860 1011//860 2364//860
f 2364//861 1011//861 390//861 1008//861
f 1021//862 2364//862 1008//862 391//862
f 183//863 767//863 2365//863 765//863
f 767//864 384//864 768//864 2365//864
f 2365//865 768//865 212//865 731//865
f 765//866 2365//866 731//866 209//866
f 272//867 950//867 2366//867 948//867
f 950//868 273//868 939//868 2366//868
f 2366//869 939//869 502//869 938//869
f 948//870 2366//870 938//870 506//870
f 584//871 865//871 2367//871 863//871
f 865//872 168//872 850//872 2367//872
f 2367//873 850//873 165//873 862//873
f 863//874 2367//874 862//874 385//874
f 540//875 968//875 2368//875 967//875
f 968//876 543//876 954//876 2368//876
f 2368//877 954//877 363//877 952//877
f 967//878 2368//878 952//878 364//878
f 259//879 825//879 2369//879 823//879
f 825//880 263//880 826//880 2369//880
f 2369//881 826//881 260//881 822//881
f 823//882 2369//882 822//882 256//882
f 538//883 960//883 2370//883 958//883
f 960//884 362//884 947//884 2370//884
f 2370//885 947//885 542//885 957//885
f 958//886 2370//886 957//886 539//886
f 258//887 829//887 2371//887 839//887
f 829//888 262//888 827//888 2371//888
f 2371//889 827//889 263//889 825//889
f 839//890 2371//890 825//890 259//890
f 588//891 1021//891 2372//891 1020//891
f 1021//892 391//892 1006//892 2372//892
f 2372//893 1006//893 592//893 1004//893
f 1020//894 2372//894 1004//894 593//894
f 612//895 1044//895 2373//895 1042//895
f 1044//896 403//896 1032//896 2373//896
f 2373//897 1032//897 404//897 1027//897
f 1042//898 2373//898 1027//898 613//898
f 613//899 1027//899 2374//899 1025//899
f 1027//900 404//900 1028//900 2374//900
f 2374//901 1028//901 401//901 1024//901
f 1025//902 2374//902 1024//902 610//902
f 272//903 944//903 2375//903 945//903
f 944//904 507//904 930//904 2375//904
f 2375//905 930//905 504//905 928//905
f 945//906 2375//906 928//906 275//906
f 634//907 705//907 2376//907 727//907
f 705//908 176//908 728//908 2376//908
f 2376//909 728//909 155//909 725//909
f 727//910 2376//910 725//910 156//910
f 586//911 1000//911 2377//911 998//911
f 1000//912 590//912 1001//912 2377//912
f 2377//913 1001//913 591//913 997//913
f 998//914 2377//914 997//914 389//914
f 225//915 986//915 2378//915 985//915
f 986//916 226//916 973//916 2378//916
f 2378//917 973//917 565//917 955//917
f 985//918 2378//918 955//918 564//918
f 227//919 976//919 2379//919 974//919
f 976//920 566//920 951//920 2379//920
f 2379//921 951//921 565//921 973//921
f 974//922 2379//922 973//922 226//922
f 183//923 765//923 2380//923 763//923
f 765//924 209//924 732//924 2380//924
f 2380//925 732//925 210//925 746//925
f 763//926 2380//926 746//926 184//926
f 422//927 743//927 2381//927 741//927
f 743//928 154//928 730//928 2381//928
f 2381//929 730//929 155//929 728//929
f 741//930 2381//930 728//930 176//930
f 611//931 1039//931 2382//931 1038//931
f 1039//932 610//932 1024//932 2382//932
f 2382//933 1024//933 401//933 1009//933
f 1038//934 2382//934 1009//934 614//934
f 421//935 749//935 2383//935 747//935
f 749//936 174//936 750//936 2383//936
f 2383//937 750//937 633//937 736//937
f 747//938 2383//938 736//938 153//938
f 570//939 981//939 2384//939 979//939
f 981//940 567//940 978//940 2384//940
f 2384//941 978//941 566//941 976//941
f 979//942 2384//942 976//942 227//942
f 257//943 835//943 2385//943 838//943
f 835//944 512//944 833//944 2385//944
f 2385//945 833//945 513//945 830//945
f 838//946 2385//946 830//946 258//946
f 392//947 996//947 2386//947 992//947
f 996//948 389//948 997//948 2386//948
f 2386//949 997//949 591//949 970//949
f 992//950 2386//950 970//950 592//950
f 153//951 736//951 2387//951 733//951
f 736//952 633//952 734//952 2387//952
f 2387//953 734//953 634//953 727//953
f 733//954 2387//954 727//954 156//954
f 612//955 1046//955 2388//955 1044//955
f 1046//956 615//956 1035//956 2388//956
f 2388//957 1035//957 616//957 1034//957
f 1044//958 2388//958 1034//958 403//958
f 669//959 1082//959 2389//959 1076//959
f 1082//960 685//960 1080//960 2389//960
f 2389//961 1080//961 689//961 1041//961
f 1076//962 2389//962 1041//962 690//962
f 387//963 872//963 2390//963 882//963
f 872//964 167//964 870//964 2390//964
f 2390//965 870//965 585//965 868//965
f 882//966 2390//966 868//966 583//966
f 388//967 878//967 2391//967 880//967
f 878//968 387//968 882//968 2391//968
f 2391//969 882//969 583//969 866//969
f 880//970 2391//970 866//970 584//970
f 569//971 995//971 2392//971 993//971
f 995//972 225//972 985//972 2392//972
f 2392//973 985//973 564//973 983//973
f 993//974 2392//974 983//974 568//974
f 421//975 745//975 2393//975 749//975
f 745//976 422//976 740//976 2393//976
f 2393//977 740//977 175//977 752//977
f 749//978 2393//978 752//978 174//978
f 569//979 991//979 2394//979 995//979
f 991//980 570//980 990//980 2394//980
f 2394//981 990//981 228//981 987//981
f 995//982 2394//982 987//982 225//982
f 589//983 1019//983 2395//983 1017//983
f 1019//984 593//984 1003//984 2395//984
f 2395//985 1003//985 590//985 1000//985
f 1017//986 2395//986 1000//986 586//986
f 403//987 1034//987 2396//987 1033//987
f 1034//988 616//988 1030//988 2396//988
f 2396//989 1030//989 614//989 1016//989
f 1033//990 2396//990 1016//990 402//990
f 302//7 1340//7 2397//7 1339//7
f 1340//8 303//8 1341//8 2397//8
f 2397//8 1341//8 299//8 1332//8
f 1339//7 2397//7 1332//7 298//7
f 303//5 1342//5 2398//5 1341//5
f 1342//6 300//6 1335//6 2398//6
f 2398//6 1335//6 296//6 1334//6
f 1341//5 2398//5 1334//5 299//5
f 25//991 1022//991 2399//991 1343//991
f 1022//992 26//992 1344//992 2399//992
f 2399//993 1344//993 301//993 1336//993
f 1343//994 2399//994 1336//994 300//994
f 26//995 1023//995 2400//995 1344//995
f 1023//996 27//996 1345//996 2400//996
f 2400//997 1345//997 302//997 1338//997
f 1344//998 2400//998 1338//998 301//998
f 27//999 1026//999 2401//999 1345//999
f 1026//1000 28//1000 1346//1000 2401//1000
f 2401//1001 1346//1001 303//1001 1340//1001
f 1345//1002 2401//1002 1340//1002 302//1002
f 28//1003 1031//1003 2402//1003 1346//1003
f 1031//1004 25//1004 1343//1004 2402//1004
f 2402//1005 1343//1005 300//1005 1342//1005
f 1346//1006 2402//1006 1342//1006 303//1006
f 304//1007 1348//1007 2403//1007 1347//1007
f 1348//1008 305//1008 1349//1008 2403//1008
f 2403//1009 1349//1009 18//1009 1272//1009
f 1347//1010 2403//1010 1272//1010 17//1010
f 305//1011 1350//1011 2404//1011 1349//1011
f 1350//1012 306//1012 1351//1012 2404//1012
f 2404//1013 1351//1013 19//1013 1274//1013
f 1349//1014 2404//1014 1274//1014 18//1014
f 306//1015 1352//1015 2405//1015 1351//1015
f 1352//1016 307//1016 1353//1016 2405//1016
f 2405//1017 1353//1017 20//1017 1276//1017
f 1351//1018 2405//1018 1276//1018 19//1018
f 307//1019 1354//1019 2406//1019 1353//1019
f 1354//1020 304//1020 1347//1020 2406//1020
f 2406//1021 1347//1021 17//1021 1278//1021
f 1353//1022 2406//1022 1278//1022 20//1022
f 308//1023 1356//1023 2407//1023 1355//1023
f 1356//1024 309//1024 1357//1024 2407//1024
f 2407//1025 1357//1025 305//1025 1348//1025
f 1355//1026 2407//1026 1348//1026 304//1026
f 309//1027 1358//1027 2408//1027 1357//1027
f 1358//1028 310//1028 1359//1028 2408//1028
f 2408//1029 1359//1029 306//1029 1350//1029
f 1357//1030 2408//1030 1350//1030 305//1030
f 310//1031 1360//1031 2409//1031 1359//1031
f 1360//1032 311//1032 1361//1032 2409//1032
f 2409//1033 1361//1033 307//1033 1352//1033
f 1359//1034 2409//1034 1352//1034 306//1034
f 311//1035 1362//1035 2410//1035 1361//1035
f 1362//1036 308//1036 1355//1036 2410//1036
f 2410//1037 1355//1037 304//1037 1354//1037
f 1361//1038 2410//1038 1354//1038 307//1038
f 312//1039 1364//1039 2411//1039 1363//1039
f 1364//1040 313//1040 1365//1040 2411//1040
f 2411//1040 1365//1040 309//1040 1356//1040
f 1363//1039 2411//1039 1356//1039 308//1039
f 313//1041 1366//1041 2412//1041 1365//1041
f 1366//1042 314//1042 1367//1042 2412//1042
f 2412//1042 1367//1042 310//1042 1358//1042
f 1365//1041 2412//1041 1358//1041 309//1041
f 314//1031 1368//1031 2413//1031 1367//1031
f 1368//1043 315//1043 1369//1043 2413//1043
f 2413//1043 1369//1043 311//1043 1360//1043
f 1367//1031 2413//1031 1360//1031 310//1031
f 315//1044 1370//1044 2414//1044 1369//1044
f 1370//1045 312//1045 1363//1045 2414//1045
f 2414//1045 1363//1045 308//1045 1362//1045
f 1369//1044 2414//1044 1362//1044 311//1044
f 29//1046 999//1046 2415//1046 1371//1046
f 999//1047 30//1047 1372//1047 2415//1047
f 2415//1048 1372//1048 313//1048 1364//1048
f 1371//1049 2415//1049 1364//1049 312//1049
f 30//1050 1005//1050 2416//1050 1372//1050
f 1005//1051 31//1051 1373//1051 2416//1051
f 2416//1052 1373//1052 314//1052 1366//1052
f 1372//1053 2416//1053 1366//1053 313//1053
f 31//1054 1012//1054 2417//1054 1373//1054
f 1012//1055 32//1055 1374//1055 2417//1055
f 2417//1056 1374//1056 315//1056 1368//1056
f 1373//1057 2417//1057 1368//1057 314//1057
f 32//1058 1018//1058 2418//1058 1374//1058
f 1018//1059 29//1059 1371//1059 2418//1059
f 2418//1060 1371//1060 312//1060 1370//1060
f 1374//1061 2418//1061 1370//1061 315//1061
f 316//1062 1376//1062 2419//1062 1375//1062
f 1376//1063 317//1063 1377//1063 2419//1063
f 2419//1064 1377//1064 34//1064 989//1064
f 1375//1065 2419//1065 989//1065 33//1065
f 317//1066 1378//1066 2420//1066 1377//1066
f 1378//1067 318//1067 1379//1067 2420//1067
f 2420//1068 1379//1068 35//1068 984//1068
f 1377//1069 2420//1069 984//1069 34//1069
f 318//1070 1380//1070 2421//1070 1379//1070
f 1380//1071 319//1071 1381//1071 2421//1071
f 2421//1072 1381//1072 36//1072 980//1072
f 1379//1073 2421//1073 980//1073 35//1073
f 319//1074 1382//1074 2422//1074 1381//1074
f 1382//1075 316//1075 1375//1075 2422//1075
f 2422//1076 1375//1076 33//1076 994//1076
f 1381//1077 2422//1077 994//1077 36//1077
f 320//1078 1384//1078 2423//1078 1383//1078
f 1384//1079 321//1079 1385//1079 2423//1079
f 2423//1079 1385//1079 317//1079 1376//1079
f 1383//1078 2423//1078 1376//1078 316//1078
f 321//1080 1386//1080 2424//1080 1385//1080
f 1386//1081 322//1081 1387//1081 2424//1081
f 2424//1081 1387//1081 318//1081 1378//1081
f 1385//1080 2424//1080 1378//1080 317//1080
f 322//1082 1388//1082 2425//1082 1387//1082
f 1388//1083 323//1083 1389//1083 2425//1083
f 2425//1083 1389//1083 319//1083 1380//1083
f 1387//1082 2425//1082 1380//1082 318//1082
f 323//1084 1390//1084 2426//1084 1389//1084
f 1390//1085 320//1085 1383//1085 2426//1085
f 2426//1085 1383//1085 316//1085 1382//1085
f 1389//1084 2426//1084 1382//1084 319//1084
f 324//1078 1392//1078 2427//1078 1391//1078
f 1392//1079 325//1079 1393//1079 2427//1079
f 2427//1079 1393//1079 321//1079 1384//1079
f 1391//1078 2427//1078 1384//1078 320//1078
f 325//1080 1394//1080 2428//1080 1393//1080
f 1394//1081 326//1081 1395//1081 2428//1081
f 2428//1081 1395//1081 322//1081 1386//1081
f 1393//1080 2428//1080 1386//1080 321//1080
f 326//1082 1396//1082 2429//1082 1395//1082
f 1396//1083 327//1083 1397//1083 2429//1083
f 2429//1083 1397//1083 323//1083 1388//1083
f 1395//1082 2429//1082 1388//1082 322//1082
f 327//1084 1398//1084 2430//1084 1397//1084
f 1398//1085 324//1085 1391//1085 2430//1085
f 2430//1085 1391//1085 320//1085 1390//1085
f 1397//1084 2430//1084 1390//1084 323//1084
f 328//1078 1400//1078 2431//1078 1399//1078
f 1400//1079 329//1079 1401//1079 2431//1079
f 2431//1079 1401//1079 325//1079 1392//1079
f 1399//1086 2431//1086 1392//1086 324//1086
f 329//1080 1402//1080 2432//1080 1401//1080
f 1402//1081 330//1081 1403//1081 2432//1081
f 2432//1081 1403//1081 326//1081 1394//1081
f 1401//1080 2432//1080 1394//1080 325//1080
f 330//1082 1404//1082 2433//1082 1403//1082
f 1404//1083 331//1083 1405//1083 2433//1083
f 2433//1083 1405//1083 327//1083 1396//1083
f 1403//1082 2433//1082 1396//1082 326//1082
f 331//1084 1406//1084 2434//1084 1405//1084
f 1406//1085 328//1085 1399//1085 2434//1085
f 2434//1085 1399//1085 324//1085 1398//1085
f 1405//1084 2434//1084 1398//1084 327//1084
f 332//1078 1408//1078 2435//1078 1407//1078
f 1408//1079 333//1079 1409//1079 2435//1079
f 2435//1079 1409//1079 329//1079 1400//1079
f 1407//1078 2435//1078 1400//1078 328//1078
f 333//1080 1410//1080 2436//1080 1409//1080
f 1410//1081 334//1081 1411//1081 2436//1081
f 2436//1081 1411//1081 330//1081 1402//1081
f 1409//1080 2436//1080 1402//1080 329//1080
f 334//1082 1412//1082 2437//1082 1411//1082
f 1412//1083 335//1083 1413//1083 2437//1083
f 2437//1083 1413//1083 331//1083 1404//1083
f 1411//1082 2437//1082 1404//1082 330//1082
f 335//1084 1414//1084 2438//1084 1413//1084
f 1414//1085 332//1085 1407//1085 2438//1085
f 2438//1085 1407//1085 328//1085 1406//1085
f 1413//1084 2438//1084 1406//1084 331//1084
f 336//1087 704//1087 2439//1087 1415//1087
f 704//1088 337//1088 1416//1088 2439//1088
f 2439//1089 1416//1089 333//1089 1408//1089
f 1415//1090 2439//1090 1408//1090 332//1090
f 337//1091 707//1091 2440//1091 1416//1091
f 707//1092 338//1092 1417//1092 2440//1092
f 2440//1093 1417//1093 334//1093 1410//1093
f 1416//1094 2440//1094 1410//1094 333//1094
f 338//1095 708//1095 2441//1095 1417//1095
f 708//1096 339//1096 1418//1096 2441//1096
f 2441//1097 1418//1097 335//1097 1412//1097
f 1417//1098 2441//1098 1412//1098 334//1098
f 339//1099 706//1099 2442//1099 1418//1099
f 706//1100 336//1100 1415//1100 2442//1100
f 2442//1101 1415//1101 332//1101 1414//1101
f 1418//1102 2442//1102 1414//1102 335//1102
f 344//1103 849//1103 2443//1103 1419//1103
f 849//1104 345//1104 1420//1104 2443//1104
f 2443//1105 1420//1105 341//1105 801//1105
f 1419//1106 2443//1106 801//1106 340//1106
f 345//1107 847//1107 2444//1107 1420//1107
f 847//1108 346//1108 1421//1108 2444//1108
f 2444//1109 1421//1109 342//1109 803//1109
f 1420//1110 2444//1110 803//1110 341//1110
f 346//1111 859//1111 2445//1111 1421//1111
f 859//1112 347//1112 1422//1112 2445//1112
f 2445//1113 1422//1113 343//1113 817//1113
f 1421//1114 2445//1114 817//1114 342//1114
f 347//1115 1423//1115 2446//1115 1422//1115
f 1423//1116 344//1116 1419//1116 2446//1116
f 2446//1117 1419//1117 340//1117 816//1117
f 1422//1118 2446//1118 816//1118 343//1118
f 350//1119 1425//1119 2447//1119 1424//1119
f 1425//1120 351//1120 1426//1120 2447//1120
f 2447//1121 1426//1121 344//1121 1423//1121
f 1424//1122 2447//1122 1423//1122 347//1122
f 351//1123 1427//1123 2448//1123 1426//1123
f 1427//1124 352//1124 1428//1124 2448//1124
f 2448//1125 1428//1125 348//1125 837//1125
f 1426//1126 2448//1126 837//1126 344//1126
f 352//1127 1429//1127 2449//1127 1428//1127
f 1429//1128 353//1128 1430//1128 2449//1128
f 2449//1129 1430//1129 349//1129 854//1129
f 1428//1130 2449//1130 854//1130 348//1130
f 353//1131 1431//1131 2450//1131 1430//1131
f 1431//1132 350//1132 1424//1132 2450//1132
f 2450//1133 1424//1133 347//1133 852//1133
f 1430//1134 2450//1134 852//1134 349//1134
f 354//1135 1433//1135 2451//1135 1432//1135
f 1433//1136 355//1136 1434//1136 2451//1136
f 2451//1137 1434//1137 351//1137 1425//1137
f 1432//1138 2451//1138 1425//1138 350//1138
f 355//1139 1435//1139 2452//1139 1434//1139
f 1435//1140 356//1140 1436//1140 2452//1140
f 2452//1141 1436//1141 352//1141 1427//1141
f 1434//1142 2452//1142 1427//1142 351//1142
f 356//1143 1437//1143 2453//1143 1436//1143
f 1437//1144 357//1144 1438//1144 2453//1144
f 2453//1145 1438//1145 353//1145 1429//1145
f 1436//1146 2453//1146 1429//1146 352//1146
f 357//1147 1439//1147 2454//1147 1438//1147
f 1439//1148 354//1148 1432//1148 2454//1148
f 2454//1149 1432//1149 350//1149 1431//1149
f 1438//1150 2454//1150 1431//1150 353//1150
f 358//1151 1441//1151 2455//1151 1440//1151
f 1441//1152 359//1152 1442//1152 2455//1152
f 2455//1153 1442//1153 355//1153 1433//1153
f 1440//1154 2455//1154 1433//1154 354//1154
f 359//1155 1443//1155 2456//1155 1442//1155
f 1443//1156 360//1156 1444//1156 2456//1156
f 2456//1157 1444//1157 356//1157 1435//1157
f 1442//1158 2456//1158 1435//1158 355//1158
f 360//1159 1445//1159 2457//1159 1444//1159
f 1445//1160 361//1160 1446//1160 2457//1160
f 2457//1161 1446//1161 357//1161 1437//1161
f 1444//1162 2457//1162 1437//1162 356//1162
f 361//1163 1447//1163 2458//1163 1446//1163
f 1447//1164 358//1164 1440//1164 2458//1164
f 2458//1165 1440//1165 354//1165 1439//1165
f 1446//1166 2458//1166 1439//1166 357//1166
f 37//1167 1449//1167 2459//1167 1448//1167
f 1449//1168 38//1168 1450//1168 2459//1168
f 2459//1169 1450//1169 359//1169 1441//1169
f 1448//1170 2459//1170 1441//1170 358//1170
f 38//1171 1451//1171 2460//1171 1450//1171
f 1451//1172 39//1172 1452//1172 2460//1172
f 2460//1173 1452//1173 360//1173 1443//1173
f 1450//1174 2460//1174 1443//1174 359//1174
f 39//1175 1453//1175 2461//1175 1452//1175
f 1453//1176 40//1176 1454//1176 2461//1176
f 2461//1177 1454//1177 361//1177 1445//1177
f 1452//1178 2461//1178 1445//1178 360//1178
f 40//1179 1455//1179 2462//1179 1454//1179
f 1455//1180 37//1180 1448//1180 2462//1180
f 2462//1181 1448//1181 358//1181 1447//1181
f 1454//1182 2462//1182 1447//1182 361//1182
f 366//1183 1457//1183 2463//1183 1456//1183
f 1457//1184 367//1184 1458//1184 2463//1184
f 2463//1185 1458//1185 363//1185 946//1185
f 1456//1186 2463//1186 946//1186 362//1186
f 367//1187 1459//1187 2464//1187 1458//1187
f 1459//1188 368//1188 1460//1188 2464//1188
f 2464//1189 1460//1189 364//1189 952//1189
f 1458//1190 2464//1190 952//1190 363//1190
f 368//1191 1461//1191 2465//1191 1460//1191
f 1461//1192 369//1192 1462//1192 2465//1192
f 2465//1193 1462//1193 365//1193 961//1193
f 1460//1194 2465//1194 961//1194 364//1194
f 369//1195 1463//1195 2466//1195 1462//1195
f 1463//1196 366//1196 1456//1196 2466//1196
f 2466//1197 1456//1197 362//1197 962//1197
f 1462//1198 2466//1198 962//1198 365//1198
f 41//1199 1465//1199 2467//1199 1464//1199
f 1465//1200 42//1200 1466//1200 2467//1200
f 2467//1201 1466//1201 367//1201 1457//1201
f 1464//1202 2467//1202 1457//1202 366//1202
f 42//1203 1467//1203 2468//1203 1466//1203
f 1467//1204 43//1204 1468//1204 2468//1204
f 2468//1205 1468//1205 368//1205 1459//1205
f 1466//1206 2468//1206 1459//1206 367//1206
f 43//1207 1469//1207 2469//1207 1468//1207
f 1469//1208 44//1208 1470//1208 2469//1208
f 2469//1209 1470//1209 369//1209 1461//1209
f 1468//1210 2469//1210 1461//1210 368//1210
f 44//1211 1471//1211 2470//1211 1470//1211
f 1471//1212 41//1212 1464//1212 2470//1212
f 2470//1213 1464//1213 366//1213 1463//1213
f 1470//1214 2470//1214 1463//1214 369//1214
f 370//1215 1473//1215 2471//1215 1472//1215
f 1473//1216 371//1216 1474//1216 2471//1216
f 2471//1217 1474//1217 42//1217 1465//1217
f 1472//1218 2471//1218 1465//1218 41//1218
f 371//1219 1475//1219 2472//1219 1474//1219
f 1475//1220 372//1220 1476//1220 2472//1220
f 2472//1221 1476//1221 43//1221 1467//1221
f 1474//1222 2472//1222 1467//1222 42//1222
f 372//1223 1477//1223 2473//1223 1476//1223
f 1477//1224 373//1224 1478//1224 2473//1224
f 2473//1225 1478//1225 44//1225 1469//1225
f 1476//1226 2473//1226 1469//1226 43//1226
f 373//1227 1479//1227 2474//1227 1478//1227
f 1479//1228 370//1228 1472//1228 2474//1228
f 2474//1229 1472//1229 41//1229 1471//1229
f 1478//1230 2474//1230 1471//1230 44//1230
f 374//1231 1481//1231 2475//1231 1480//1231
f 1481//1232 375//1232 1482//1232 2475//1232
f 2475//1233 1482//1233 371//1233 1473//1233
f 1480//1234 2475//1234 1473//1234 370//1234
f 375//1235 1483//1235 2476//1235 1482//1235
f 1483//1236 376//1236 1484//1236 2476//1236
f 2476//1236 1484//1236 372//1236 1475//1236
f 1482//1237 2476//1237 1475//1237 371//1237
f 376//1238 1485//1238 2477//1238 1484//1238
f 1485//1239 377//1239 1486//1239 2477//1239
f 2477//1240 1486//1240 373//1240 1477//1240
f 1484//1241 2477//1241 1477//1241 372//1241
f 377//1242 1487//1242 2478//1242 1486//1242
f 1487//1243 374//1243 1480//1243 2478//1243
f 2478//1244 1480//1244 370//1244 1479//1244
f 1486//1245 2478//1245 1479//1245 373//1245
f 378//1246 1489//1246 2479//1246 1488//1246
f 1489//1247 379//1247 1490//1247 2479//1247
f 2479//1247 1490//1247 375//1247 1481//1247
f 1488//1246 2479//1246 1481//1246 374//1246
f 379//1248 1491//1248 2480//1248 1490//1248
f 1491//1249 380//1249 1492//1249 2480//1249
f 2480//1249 1492//1249 376//1249 1483//1249
f 1490//1248 2480//1248 1483//1248 375//1248
f 380//1250 1493//1250 2481//1250 1492//1250
f 1493//1251 381//1251 1494//1251 2481//1251
f 2481//1251 1494//1251 377//1251 1485//1251
f 1492//1250 2481//1250 1485//1250 376//1250
f 381//1252 1495//1252 2482//1252 1494//1252
f 1495//1243 378//1243 1488//1243 2482//1243
f 2482//1243 1488//1243 374//1243 1487//1243
f 1494//1252 2482//1252 1487//1252 377//1252
f 45//1253 963//1253 2483//1253 1496//1253
f 963//1254 46//1254 1497//1254 2483//1254
f 2483//1255 1497//1255 379//1255 1489//1255
f 1496//1256 2483//1256 1489//1256 378//1256
f 46//1257 965//1257 2484//1257 1497//1257
f 965//1258 47//1258 1498//1258 2484//1258
f 2484//1259 1498//1259 380//1259 1491//1259
f 1497//1260 2484//1260 1491//1260 379//1260
f 47//1261 972//1261 2485//1261 1498//1261
f 972//1262 48//1262 1499//1262 2485//1262
f 2485//1263 1499//1263 381//1263 1493//1263
f 1498//1264 2485//1264 1493//1264 380//1264
f 48//1265 975//1265 2486//1265 1499//1265
f 975//1266 45//1266 1496//1266 2486//1266
f 2486//1267 1496//1267 378//1267 1495//1267
f 1499//1268 2486//1268 1495//1268 381//1268
f 385//1269 876//1269 2487//1269 1500//1269
f 876//1270 386//1270 1501//1270 2487//1270
f 2487//1271 1501//1271 382//1271 757//1271
f 1500//1272 2487//1272 757//1272 211//1272
f 386//1273 874//1273 2488//1273 1501//1273
f 874//1274 387//1274 1502//1274 2488//1274
f 2488//1275 1502//1275 383//1275 772//1275
f 1501//1276 2488//1276 772//1276 382//1276
f 387//1277 878//1277 2489//1277 1502//1277
f 878//1278 388//1278 1503//1278 2489//1278
f 2489//1279 1503//1279 384//1279 771//1279
f 1502//1280 2489//1280 771//1280 383//1280
f 388//1281 879//1281 2490//1281 1503//1281
f 879//1282 385//1282 1500//1282 2490//1282
f 2490//1283 1500//1283 211//1283 769//1283
f 1503//1284 2490//1284 769//1284 384//1284
f 49//1285 1505//1285 2491//1285 1504//1285
f 1505//1286 50//1286 1506//1286 2491//1286
f 2491//1287 1506//1287 390//1287 1010//1287
f 1504//1288 2491//1288 1010//1288 389//1288
f 50//1289 1507//1289 2492//1289 1506//1289
f 1507//1290 51//1290 1508//1290 2492//1290
f 2492//1291 1508//1291 391//1291 1008//1291
f 1506//1292 2492//1292 1008//1292 390//1292
f 51//1293 1509//1293 2493//1293 1508//1293
f 1509//1294 52//1294 1510//1294 2493//1294
f 2493//1295 1510//1295 392//1295 1007//1295
f 1508//1296 2493//1296 1007//1296 391//1296
f 52//1297 1511//1297 2494//1297 1510//1297
f 1511//1298 49//1298 1504//1298 2494//1298
f 2494//1299 1504//1299 389//1299 996//1299
f 1510//1300 2494//1300 996//1300 392//1300
f 393//1301 1513//1301 2495//1301 1512//1301
f 1513//1302 394//1302 1514//1302 2495//1302
f 2495//1303 1514//1303 50//1303 1505//1303
f 1512//1304 2495//1304 1505//1304 49//1304
f 394//1305 1515//1305 2496//1305 1514//1305
f 1515//1306 395//1306 1516//1306 2496//1306
f 2496//1307 1516//1307 51//1307 1507//1307
f 1514//1308 2496//1308 1507//1308 50//1308
f 395//1309 1517//1309 2497//1309 1516//1309
f 1517//1310 396//1310 1518//1310 2497//1310
f 2497//1311 1518//1311 52//1311 1509//1311
f 1516//1312 2497//1312 1509//1312 51//1312
f 396//1313 1519//1313 2498//1313 1518//1313
f 1519//1314 393//1314 1512//1314 2498//1314
f 2498//1315 1512//1315 49//1315 1511//1315
f 1518//1316 2498//1316 1511//1316 52//1316
f 397//1317 1521//1317 2499//1317 1520//1317
f 1521//1318 398//1318 1522//1318 2499//1318
f 2499//1319 1522//1319 394//1319 1513//1319
f 1520//1320 2499//1320 1513//1320 393//1320
f 398//1321 1523//1321 2500//1321 1522//1321
f 1523//1322 399//1322 1524//1322 2500//1322
f 2500//1323 1524//1323 395//1323 1515//1323
f 1522//1324 2500//1324 1515//1324 394//1324
f 399//1325 1525//1325 2501//1325 1524//1325
f 1525//1326 400//1326 1526//1326 2501//1326
f 2501//1327 1526//1327 396//1327 1517//1327
f 1524//1328 2501//1328 1517//1328 395//1328
f 400//1329 1527//1329 2502//1329 1526//1329
f 1527//1330 397//1330 1520//1330 2502//1330
f 2502//1331 1520//1331 393//1331 1519//1331
f 1526//1332 2502//1332 1519//1332 396//1332
f 53//1333 1529//1333 2503//1333 1528//1333
f 1529//1334 54//1334 1530//1334 2503//1334
f 2503//1335 1530//1335 398//1335 1521//1335
f 1528//1336 2503//1336 1521//1336 397//1336
f 54//1337 1531//1337 2504//1337 1530//1337
f 1531//1338 55//1338 1532//1338 2504//1338
f 2504//1339 1532//1339 399//1339 1523//1339
f 1530//1340 2504//1340 1523//1340 398//1340
f 55//1341 1533//1341 2505//1341 1532//1341
f 1533//1342 56//1342 1534//1342 2505//1342
f 2505//1343 1534//1343 400//1343 1525//1343
f 1532//1344 2505//1344 1525//1344 399//1344
f 56//1345 1535//1345 2506//1345 1534//1345
f 1535//1346 53//1346 1528//1346 2506//1346
f 2506//1347 1528//1347 397//1347 1527//1347
f 1534//1348 2506//1348 1527//1348 400//1348
f 405//1349 1537//1349 2507//1349 1536//1349
f 1537//1350 406//1350 1538//1350 2507//1350
f 2507//1351 1538//1351 402//1351 1002//1351
f 1536//1352 2507//1352 1002//1352 401//1352
f 406//1353 1539//1353 2508//1353 1538//1353
f 1539//1354 407//1354 1540//1354 2508//1354
f 2508//1355 1540//1355 403//1355 1033//1355
f 1538//1356 2508//1356 1033//1356 402//1356
f 407//1357 1541//1357 2509//1357 1540//1357
f 1541//1358 408//1358 1542//1358 2509//1358
f 2509//1359 1542//1359 404//1359 1032//1359
f 1540//1360 2509//1360 1032//1360 403//1360
f 408//1361 1543//1361 2510//1361 1542//1361
f 1543//1362 405//1362 1536//1362 2510//1362
f 2510//1363 1536//1363 401//1363 1028//1363
f 1542//1364 2510//1364 1028//1364 404//1364
f 57//1365 1545//1365 2511//1365 1544//1365
f 1545//1366 58//1366 1546//1366 2511//1366
f 2511//1367 1546//1367 406//1367 1537//1367
f 1544//1368 2511//1368 1537//1368 405//1368
f 58//1369 1547//1369 2512//1369 1546//1369
f 1547//1370 59//1370 1548//1370 2512//1370
f 2512//1371 1548//1371 407//1371 1539//1371
f 1546//1372 2512//1372 1539//1372 406//1372
f 59//1373 1549//1373 2513//1373 1548//1373
f 1549//1374 60//1374 1550//1374 2513//1374
f 2513//1375 1550//1375 408//1375 1541//1375
f 1548//1376 2513//1376 1541//1376 407//1376
f 60//1377 1551//1377 2514//1377 1550//1377
f 1551//1378 57//1378 1544//1378 2514//1378
f 2514//1379 1544//1379 405//1379 1543//1379
f 1550//1380 2514//1380 1543//1380 408//1380
f 409//1381 1553//1381 2515//1381 1552//1381
f 1553//1382 410//1382 1554//1382 2515//1382
f 2515//1383 1554//1383 58//1383 1545//1383
f 1552//1384 2515//1384 1545//1384 57//1384
f 410//1385 1555//1385 2516//1385 1554//1385
f 1555//1386 411//1386 1556//1386 2516//1386
f 2516//1387 1556//1387 59//1387 1547//1387
f 1554//1388 2516//1388 1547//1388 58//1388
f 411//1389 1557//1389 2517//1389 1556//1389
f 1557//1390 412//1390 1558//1390 2517//1390
f 2517//1391 1558//1391 60//1391 1549//1391
f 1556//1392 2517//1392 1549//1392 59//1392
f 412//1393 1559//1393 2518//1393 1558//1393
f 1559//1394 409//1394 1552//1394 2518//1394
f 2518//1395 1552//1395 57//1395 1551//1395
f 1558//1396 2518//1396 1551//1396 60//1396
f 413//1397 1561//1397 2519//1397 1560//1397
f 1561//1398 414//1398 1562//1398 2519//1398
f 2519//1399 1562//1399 410//1399 1553//1399
f 1560//1400 2519//1400 1553//1400 409//1400
f 414//1401 1563//1401 2520//1401 1562//1401
f 1563//1402 415//1402 1564//1402 2520//1402
f 2520//1403 1564//1403 411//1403 1555//1403
f 1562//1404 2520//1404 1555//1404 410//1404
f 415//1405 1565//1405 2521//1405 1564//1405
f 1565//1406 416//1406 1566//1406 2521//1406
f 2521//1407 1566//1407 412//1407 1557//1407
f 1564//1408 2521//1408 1557//1408 411//1408
f 416//1409 1567//1409 2522//1409 1566//1409
f 1567//1410 413//1410 1560//1410 2522//1410
f 2522//1411 1560//1411 409//1411 1559//1411
f 1566//1412 2522//1412 1559//1412 412//1412
f 417//1413 1569//1413 2523//1413 1568//1413
f 1569//1414 418//1414 1570//1414 2523//1414
f 2523//1414 1570//1414 414//1414 1561//1414
f 1568//1415 2523//1415 1561//1415 413//1415
f 418//1416 1571//1416 2524//1416 1570//1416
f 1571//1417 419//1417 1572//1417 2524//1417
f 2524//1417 1572//1417 415//1417 1563//1417
f 1570//1418 2524//1418 1563//1418 414//1418
f 419//1419 1573//1419 2525//1419 1572//1419
f 1573//1420 420//1420 1574//1420 2525//1420
f 2525//1420 1574//1420 416//1420 1565//1420
f 1572//1421 2525//1421 1565//1421 415//1421
f 420//1409 1575//1409 2526//1409 1574//1409
f 1575//1422 417//1422 1568//1422 2526//1422
f 2526//1422 1568//1422 413//1422 1567//1422
f 1574//1409 2526//1409 1567//1409 416//1409
f 61//1423 940//1423 2527//1423 1576//1423
f 940//1424 62//1424 1577//1424 2527//1424
f 2527//1425 1577//1425 418//1425 1569//1425
f 1576//1426 2527//1426 1569//1426 417//1426
f 62//1427 949//1427 2528//1427 1577//1427
f 949//1428 63//1428 1578//1428 2528//1428
f 2528//1429 1578//1429 419//1429 1571//1429
f 1577//1430 2528//1430 1571//1430 418//1430
f 63//1431 953//1431 2529//1431 1578//1431
f 953//1432 64//1432 1579//1432 2529//1432
f 2529//1433 1579//1433 420//1433 1573//1433
f 1578//1434 2529//1434 1573//1434 419//1434
f 64//1435 959//1435 2530//1435 1579//1435
f 959//1436 61//1436 1576//1436 2530//1436
f 2530//1437 1576//1437 417//1437 1575//1437
f 1579//1438 2530//1438 1575//1438 420//1438
f 423//1439 1581//1439 2531//1439 1580//1439
f 1581//1440 424//1440 1582//1440 2531//1440
f 2531//1441 1582//1441 422//1441 745//1441
f 1580//1442 2531//1442 745//1442 421//1442
f 424//1443 1583//1443 2532//1443 1582//1443
f 1583//1444 425//1444 1584//1444 2532//1444
f 2532//1445 1584//1445 154//1445 743//1445
f 1582//1446 2532//1446 743//1446 422//1446
f 425//1447 1585//1447 2533//1447 1584//1447
f 1585//1448 426//1448 1586//1448 2533//1448
f 2533//1449 1586//1449 153//1449 1098//1449
f 1584//1450 2533//1450 1098//1450 154//1450
f 426//1451 1587//1451 2534//1451 1586//1451
f 1587//1452 423//1452 1580//1452 2534//1452
f 2534//1453 1580//1453 421//1453 747//1453
f 1586//1454 2534//1454 747//1454 153//1454
f 427//1455 1589//1455 2535//1455 1588//1455
f 1589//1456 428//1456 1590//1456 2535//1456
f 2535//1457 1590//1457 424//1457 1581//1457
f 1588//1458 2535//1458 1581//1458 423//1458
f 428//1459 1591//1459 2536//1459 1590//1459
f 1591//1460 429//1460 1592//1460 2536//1460
f 2536//1461 1592//1461 425//1461 1583//1461
f 1590//1462 2536//1462 1583//1462 424//1462
f 429//1463 1593//1463 2537//1463 1592//1463
f 1593//1464 430//1464 1594//1464 2537//1464
f 2537//1465 1594//1465 426//1465 1585//1465
f 1592//1466 2537//1466 1585//1466 425//1466
f 430//1467 1595//1467 2538//1467 1594//1467
f 1595//1468 427//1468 1588//1468 2538//1468
f 2538//1469 1588//1469 423//1469 1587//1469
f 1594//1470 2538//1470 1587//1470 426//1470
f 65//1471 1597//1471 2539//1471 1596//1471
f 1597//1472 66//1472 1598//1472 2539//1472
f 2539//1473 1598//1473 428//1473 1589//1473
f 1596//1474 2539//1474 1589//1474 427//1474
f 66//1475 1599//1475 2540//1475 1598//1475
f 1599//1476 67//1476 1600//1476 2540//1476
f 2540//1477 1600//1477 429//1477 1591//1477
f 1598//1478 2540//1478 1591//1478 428//1478
f 67//1479 1601//1479 2541//1479 1600//1479
f 1601//1480 68//1480 1602//1480 2541//1480
f 2541//1481 1602//1481 430//1481 1593//1481
f 1600//1482 2541//1482 1593//1482 429//1482
f 68//1483 1603//1483 2542//1483 1602//1483
f 1603//1484 65//1484 1596//1484 2542//1484
f 2542//1485 1596//1485 427//1485 1595//1485
f 1602//1486 2542//1486 1595//1486 430//1486
f 431//1487 1605//1487 2543//1487 1604//1487
f 1605//1488 432//1488 1606//1488 2543//1488
f 2543//1489 1606//1489 66//1489 1597//1489
f 1604//1490 2543//1490 1597//1490 65//1490
f 432//1491 1607//1491 2544//1491 1606//1491
f 1607//1492 433//1492 1608//1492 2544//1492
f 2544//1493 1608//1493 67//1493 1599//1493
f 1606//1494 2544//1494 1599//1494 66//1494
f 433//1495 1609//1495 2545//1495 1608//1495
f 1609//1496 434//1496 1610//1496 2545//1496
f 2545//1497 1610//1497 68//1497 1601//1497
f 1608//1498 2545//1498 1601//1498 67//1498
f 434//1499 1611//1499 2546//1499 1610//1499
f 1611//1500 431//1500 1604//1500 2546//1500
f 2546//1501 1604//1501 65//1501 1603//1501
f 1610//1502 2546//1502 1603//1502 68//1502
f 69//1503 927//1503 2547//1503 1612//1503
f 927//1504 70//1504 1613//1504 2547//1504
f 2547//1505 1613//1505 432//1505 1605//1505
f 1612//1506 2547//1506 1605//1506 431//1506
f 70//1507 929//1507 2548//1507 1613//1507
f 929//1508 71//1508 1614//1508 2548//1508
f 2548//1509 1614//1509 433//1509 1607//1509
f 1613//1510 2548//1510 1607//1510 432//1510
f 71//1511 932//1511 2549//1511 1614//1511
f 932//1512 72//1512 1615//1512 2549//1512
f 2549//1513 1615//1513 434//1513 1609//1513
f 1614//1514 2549//1514 1609//1514 433//1514
f 72//1515 937//1515 2550//1515 1615//1515
f 937//1516 69//1516 1612//1516 2550//1516
f 2550//1517 1612//1517 431//1517 1611//1517
f 1615//1518 2550//1518 1611//1518 434//1518
f 439//1519 906//1519 2551//1519 1616//1519
f 906//1520 440//1520 1617//1520 2551//1520
f 2551//1521 1617//1521 436//1521 714//1521
f 1616//1522 2551//1522 714//1522 435//1522
f 440//1523 903//1523 2552//1523 1617//1523
f 903//1524 441//1524 1618//1524 2552//1524
f 2552//1525 1618//1525 437//1525 1619//1525
f 1617//1526 2552//1526 1619//1526 436//1526
f 441//1527 892//1527 2553//1527 1618//1527
f 892//1528 442//1528 1620//1528 2553//1528
f 2553//1529 1620//1529 438//1529 724//1529
f 1618//1530 2553//1530 724//1530 437//1530
f 442//1531 901//1531 2554//1531 1620//1531
f 901//1532 439//1532 1616//1532 2554//1532
f 2554//1533 1616//1533 435//1533 711//1533
f 1620//1534 2554//1534 711//1534 438//1534
f 447//1535 1622//1535 2555//1535 1621//1535
f 1622//1536 448//1536 1623//1536 2555//1536
f 2555//1537 1623//1537 444//1537 1063//1537
f 1621//1538 2555//1538 1063//1538 443//1538
f 448//1539 1624//1539 2556//1539 1623//1539
f 1624//1540 449//1540 1625//1540 2556//1540
f 2556//1541 1625//1541 445//1541 1049//1541
f 1623//1542 2556//1542 1049//1542 444//1542
f 449//1543 1626//1543 2557//1543 1625//1543
f 1626//1544 450//1544 1627//1544 2557//1544
f 2557//1545 1627//1545 446//1545 1066//1545
f 1625//1546 2557//1546 1066//1546 445//1546
f 450//1547 1628//1547 2558//1547 1627//1547
f 1628//1548 447//1548 1621//1548 2558//1548
f 2558//1549 1621//1549 443//1549 1064//1549
f 1627//1550 2558//1550 1064//1550 446//1550
f 73//1551 1630//1551 2559//1551 1629//1551
f 1630//1552 74//1552 1631//1552 2559//1552
f 2559//1553 1631//1553 448//1553 1622//1553
f 1629//1554 2559//1554 1622//1554 447//1554
f 74//1555 1632//1555 2560//1555 1631//1555
f 1632//1556 75//1556 1633//1556 2560//1556
f 2560//1557 1633//1557 449//1557 1624//1557
f 1631//1558 2560//1558 1624//1558 448//1558
f 75//1559 1634//1559 2561//1559 1633//1559
f 1634//1560 76//1560 1635//1560 2561//1560
f 2561//1561 1635//1561 450//1561 1626//1561
f 1633//1562 2561//1562 1626//1562 449//1562
f 76//1563 1636//1563 2562//1563 1635//1563
f 1636//1564 73//1564 1629//1564 2562//1564
f 2562//1565 1629//1565 447//1565 1628//1565
f 1635//1566 2562//1566 1628//1566 450//1566
f 451//1567 1638//1567 2563//1567 1637//1567
f 1638//1568 452//1568 1639//1568 2563//1568
f 2563//1569 1639//1569 74//1569 1630//1569
f 1637//1570 2563//1570 1630//1570 73//1570
f 452//1571 1640//1571 2564//1571 1639//1571
f 1640//1572 453//1572 1641//1572 2564//1572
f 2564//1573 1641//1573 75//1573 1632//1573
f 1639//1574 2564//1574 1632//1574 74//1574
f 453//1575 1642//1575 2565//1575 1641//1575
f 1642//1576 454//1576 1643//1576 2565//1576
f 2565//1577 1643//1577 76//1577 1634//1577
f 1641//1578 2565//1578 1634//1578 75//1578
f 454//1579 1644//1579 2566//1579 1643//1579
f 1644//1580 451//1580 1637//1580 2566//1580
f 2566//1581 1637//1581 73//1581 1636//1581
f 1643//1582 2566//1582 1636//1582 76//1582
f 455//1583 1646//1583 2567//1583 1645//1583
f 1646//1584 456//1584 1647//1584 2567//1584
f 2567//1585 1647//1585 452//1585 1638//1585
f 1645//1586 2567//1586 1638//1586 451//1586
f 456//1587 1648//1587 2568//1587 1647//1587
f 1648//1588 457//1588 1649//1588 2568//1588
f 2568//1589 1649//1589 453//1589 1640//1589
f 1647//1590 2568//1590 1640//1590 452//1590
f 457//1591 1650//1591 2569//1591 1649//1591
f 1650//1592 458//1592 1651//1592 2569//1592
f 2569//1593 1651//1593 454//1593 1642//1593
f 1649//1594 2569//1594 1642//1594 453//1594
f 458//1595 1652//1595 2570//1595 1651//1595
f 1652//1596 455//1596 1645//1596 2570//1596
f 2570//1597 1645//1597 451//1597 1644//1597
f 1651//1598 2570//1598 1644//1598 454//1598
f 77//1599 904//1599 2571//1599 1653//1599
f 904//1600 78//1600 1654//1600 2571//1600
f 2571//1601 1654//1601 456//1601 1646//1601
f 1653//1602 2571//1602 1646//1602 455//1602
f 78//1603 910//1603 2572//1603 1654//1603
f 910//1604 79//1604 1655//1604 2572//1604
f 2572//1605 1655//1605 457//1605 1648//1605
f 1654//1606 2572//1606 1648//1606 456//1606
f 79//1607 914//1607 2573//1607 1655//1607
f 914//1608 80//1608 1656//1608 2573//1608
f 2573//1609 1656//1609 458//1609 1650//1609
f 1655//1610 2573//1610 1650//1610 457//1610
f 80//1611 919//1611 2574//1611 1656//1611
f 919//1612 77//1612 1653//1612 2574//1612
f 2574//1613 1653//1613 455//1613 1652//1613
f 1656//1614 2574//1614 1652//1614 458//1614
f 461//1615 1658//1615 2575//1615 1657//1615
f 1658//1616 462//1616 1659//1616 2575//1616
f 2575//1617 1659//1617 460//1617 719//1617
f 1657//1618 2575//1618 719//1618 459//1618
f 462//1619 1660//1619 2576//1619 1659//1619
f 1660//1620 463//1620 1661//1620 2576//1620
f 2576//1621 1661//1621 437//1621 722//1621
f 1659//1622 2576//1622 722//1622 460//1622
f 463//1623 1662//1623 2577//1623 1661//1623
f 1662//1624 464//1624 1663//1624 2577//1624
f 2577//1625 1663//1625 436//1625 1619//1625
f 1661//1626 2577//1626 1619//1626 437//1626
f 464//1627 1664//1627 2578//1627 1663//1627
f 1664//1628 461//1628 1657//1628 2578//1628
f 2578//1629 1657//1629 459//1629 716//1629
f 1663//1630 2578//1630 716//1630 436//1630
f 465//1631 915//1631 2579//1631 1665//1631
f 915//1632 466//1632 1666//1632 2579//1632
f 2579//1633 1666//1633 462//1633 1658//1633
f 1665//1634 2579//1634 1658//1634 461//1634
f 466//1635 916//1635 2580//1635 1666//1635
f 916//1636 467//1636 1667//1636 2580//1636
f 2580//1637 1667//1637 463//1637 1660//1637
f 1666//1638 2580//1638 1660//1638 462//1638
f 467//1639 918//1639 2581//1639 1667//1639
f 918//1640 468//1640 1668//1640 2581//1640
f 2581//1641 1668//1641 464//1641 1662//1641
f 1667//1642 2581//1642 1662//1642 463//1642
f 468//1643 1669//1643 2582//1643 1668//1643
f 1669//1644 465//1644 1665//1644 2582//1644
f 2582//1645 1665//1645 461//1645 1664//1645
f 1668//1646 2582//1646 1664//1646 464//1646
f 473//1647 1671//1647 2583//1647 1670//1647
f 1671//1648 474//1648 1672//1648 2583//1648
f 2583//1649 1672//1649 470//1649 924//1649
f 1670//1650 2583//1650 924//1650 469//1650
f 474//1651 1673//1651 2584//1651 1672//1651
f 1673//1652 475//1652 1674//1652 2584//1652
f 2584//1653 1674//1653 471//1653 923//1653
f 1672//1654 2584//1654 923//1654 470//1654
f 475//1655 1675//1655 2585//1655 1674//1655
f 1675//1656 476//1656 1676//1656 2585//1656
f 2585//1657 1676//1657 472//1657 921//1657
f 1674//1658 2585//1658 921//1658 471//1658
f 476//1659 1677//1659 2586//1659 1676//1659
f 1677//1660 473//1660 1670//1660 2586//1660
f 2586//1661 1670//1661 469//1661 909//1661
f 1676//1662 2586//1662 909//1662 472//1662
f 477//1663 1679//1663 2587//1663 1678//1663
f 1679//1664 478//1664 1680//1664 2587//1664
f 2587//1664 1680//1664 474//1664 1671//1664
f 1678//1663 2587//1663 1671//1663 473//1663
f 478//1665 1681//1665 2588//1665 1680//1665
f 1681//1666 479//1666 1682//1666 2588//1666
f 2588//1666 1682//1666 475//1666 1673//1666
f 1680//1665 2588//1665 1673//1665 474//1665
f 479//1667 1683//1667 2589//1667 1682//1667
f 1683//1668 480//1668 1684//1668 2589//1668
f 2589//1668 1684//1668 476//1668 1675//1668
f 1682//1667 2589//1667 1675//1667 475//1667
f 480//1669 1685//1669 2590//1669 1684//1669
f 1685//1670 477//1670 1678//1670 2590//1670
f 2590//1670 1678//1670 473//1670 1677//1670
f 1684//1669 2590//1669 1677//1669 476//1669
f 481//1663 1687//1663 2591//1663 1686//1663
f 1687//1664 482//1664 1688//1664 2591//1664
f 2591//1664 1688//1664 478//1664 1679//1664
f 1686//1671 2591//1671 1679//1671 477//1671
f 482//1665 1689//1665 2592//1665 1688//1665
f 1689//1666 483//1666 1690//1666 2592//1666
f 2592//1666 1690//1666 479//1666 1681//1666
f 1688//1665 2592//1665 1681//1665 478//1665
f 483//1667 1691//1667 2593//1667 1690//1667
f 1691//1668 484//1668 1692//1668 2593//1668
f 2593//1668 1692//1668 480//1668 1683//1668
f 1690//1667 2593//1667 1683//1667 479//1667
f 484//1669 1693//1669 2594//1669 1692//1669
f 1693//1670 481//1670 1686//1670 2594//1670
f 2594//1670 1686//1670 477//1670 1685//1670
f 1692//1669 2594//1669 1685//1669 480//1669
f 485//1663 1695//1663 2595//1663 1694//1663
f 1695//1664 486//1664 1696//1664 2595//1664
f 2595//1664 1696//1664 482//1664 1687//1664
f 1694//1663 2595//1663 1687//1663 481//1663
f 486//1665 1697//1665 2596//1665 1696//1665
f 1697//1666 487//1666 1698//1666 2596//1666
f 2596//1666 1698//1666 483//1666 1689//1666
f 1696//1665 2596//1665 1689//1665 482//1665
f 487//1667 1699//1667 2597//1667 1698//1667
f 1699//1668 488//1668 1700//1668 2597//1668
f 2597//1668 1700//1668 484//1668 1691//1668
f 1698//1667 2597//1667 1691//1667 483//1667
f 488//1669 1701//1669 2598//1669 1700//1669
f 1701//1670 485//1670 1694//1670 2598//1670
f 2598//1670 1694//1670 481//1670 1693//1670
f 1700//1669 2598//1669 1693//1669 484//1669
f 81//1672 885//1672 2599//1672 1702//1672
f 885//1673 82//1673 1703//1673 2599//1673
f 2599//1674 1703//1674 486//1674 1695//1674
f 1702//1675 2599//1675 1695//1675 485//1675
f 82//1676 888//1676 2600//1676 1703//1676
f 888//1677 83//1677 1704//1677 2600//1677
f 2600//1678 1704//1678 487//1678 1697//1678
f 1703//1679 2600//1679 1697//1679 486//1679
f 83//1680 893//1680 2601//1680 1704//1680
f 893//1681 84//1681 1705//1681 2601//1681
f 2601//1682 1705//1682 488//1682 1699//1682
f 1704//1683 2601//1683 1699//1683 487//1683
f 84//1684 898//1684 2602//1684 1705//1684
f 898//1685 81//1685 1702//1685 2602//1685
f 2602//1686 1702//1686 485//1686 1701//1686
f 1705//1687 2602//1687 1701//1687 488//1687
f 491//1688 1707//1688 2603//1688 1706//1688
f 1707//1689 492//1689 1708//1689 2603//1689
f 2603//1690 1708//1690 489//1690 913//1690
f 1706//1691 2603//1691 913//1691 465//1691
f 492//1692 1709//1692 2604//1692 1708//1692
f 1709//1693 493//1693 1710//1693 2604//1693
f 2604//1694 1710//1694 490//1694 912//1694
f 1708//1695 2604//1695 912//1695 489//1695
f 493//1696 1711//1696 2605//1696 1710//1696
f 1711//1697 494//1697 1712//1697 2605//1697
f 2605//1698 1712//1698 468//1698 897//1698
f 1710//1699 2605//1699 897//1699 490//1699
f 494//1700 1713//1700 2606//1700 1712//1700
f 1713//1701 491//1701 1706//1701 2606//1701
f 2606//1702 1706//1702 465//1702 1669//1702
f 1712//1703 2606//1703 1669//1703 468//1703
f 495//1704 1715//1704 2607//1704 1714//1704
f 1715//1705 496//1705 1716//1705 2607//1705
f 2607//1706 1716//1706 492//1706 1707//1706
f 1714//1707 2607//1707 1707//1707 491//1707
f 496//1708 1717//1708 2608//1708 1716//1708
f 1717//1709 497//1709 1718//1709 2608//1709
f 2608//1710 1718//1710 493//1710 1709//1710
f 1716//1711 2608//1711 1709//1711 492//1711
f 497//1712 1719//1712 2609//1712 1718//1712
f 1719//1713 498//1713 1720//1713 2609//1713
f 2609//1714 1720//1714 494//1714 1711//1714
f 1718//1715 2609//1715 1711//1715 493//1715
f 498//1716 1721//1716 2610//1716 1720//1716
f 1721//1717 495//1717 1714//1717 2610//1717
f 2610//1718 1714//1718 491//1718 1713//1718
f 1720//1719 2610//1719 1713//1719 494//1719
f 85//1720 867//1720 2611//1720 1722//1720
f 867//1721 86//1721 1723//1721 2611//1721
f 2611//1722 1723//1722 496//1722 1715//1722
f 1722//1723 2611//1723 1715//1723 495//1723
f 86//1724 871//1724 2612//1724 1723//1724
f 871//1725 87//1725 1724//1725 2612//1725
f 2612//1726 1724//1726 497//1726 1717//1726
f 1723//1727 2612//1727 1717//1727 496//1727
f 87//1728 873//1728 2613//1728 1724//1728
f 873//1729 88//1729 1725//1729 2613//1729
f 2613//1730 1725//1730 498//1730 1719//1730
f 1724//1731 2613//1731 1719//1731 497//1731
f 88//1732 881//1732 2614//1732 1725//1732
f 881//1733 85//1733 1722//1733 2614//1733
f 2614//1734 1722//1734 495//1734 1721//1734
f 1725//1735 2614//1735 1721//1735 498//1735
f 501//1736 935//1736 2615//1736 1726//1736
f 935//1737 502//1737 1727//1737 2615//1737
f 2615//1738 1727//1738 500//1738 778//1738
f 1726//1739 2615//1739 778//1739 499//1739
f 502//1740 934//1740 2616//1740 1727//1740
f 934//1741 503//1741 1728//1741 2616//1741
f 2616//1742 1728//1742 235//1742 754//1742
f 1727//1743 2616//1743 754//1743 500//1743
f 503//1744 917//1744 2617//1744 1728//1744
f 917//1745 504//1745 1729//1745 2617//1745
f 2617//1746 1729//1746 234//1746 1226//1746
f 1728//1747 2617//1747 1226//1747 235//1747
f 504//1748 902//1748 2618//1748 1729//1748
f 902//1749 501//1749 1726//1749 2618//1749
f 2618//1750 1726//1750 499//1750 782//1750
f 1729//1751 2618//1751 782//1751 234//1751
f 508//1752 1731//1752 2619//1752 1730//1752
f 1731//1753 509//1753 1732//1753 2619//1753
f 2619//1754 1732//1754 506//1754 936//1754
f 1730//1755 2619//1755 936//1755 505//1755
f 509//1756 1733//1756 2620//1756 1732//1756
f 1733//1757 510//1757 1734//1757 2620//1757
f 2620//1758 1734//1758 272//1758 948//1758
f 1732//1759 2620//1759 948//1759 506//1759
f 510//1760 1735//1760 2621//1760 1734//1760
f 1735//1761 511//1761 1736//1761 2621//1761
f 2621//1762 1736//1762 507//1762 944//1762
f 1734//1763 2621//1763 944//1763 272//1763
f 511//1764 1737//1764 2622//1764 1736//1764
f 1737//1765 508//1765 1730//1765 2622//1765
f 2622//1766 1730//1766 505//1766 931//1766
f 1736//1767 2622//1767 931//1767 507//1767
f 89//1768 856//1768 2623//1768 1738//1768
f 856//1769 90//1769 1739//1769 2623//1769
f 2623//1770 1739//1770 509//1770 1731//1770
f 1738//1771 2623//1771 1731//1771 508//1771
f 90//1772 857//1772 2624//1772 1739//1772
f 857//1773 91//1773 1740//1773 2624//1773
f 2624//1774 1740//1774 510//1774 1733//1774
f 1739//1775 2624//1775 1733//1775 509//1775
f 91//1776 861//1776 2625//1776 1740//1776
f 861//1777 92//1777 1741//1777 2625//1777
f 2625//1778 1741//1778 511//1778 1735//1778
f 1740//1779 2625//1779 1735//1779 510//1779
f 92//1780 864//1780 2626//1780 1741//1780
f 864//1781 89//1781 1738//1781 2626//1781
f 2626//1782 1738//1782 508//1782 1737//1782
f 1741//1783 2626//1783 1737//1783 511//1783
f 514//1784 1743//1784 2627//1784 1742//1784
f 1743//1785 515//1785 1744//1785 2627//1785
f 2627//1786 1744//1786 512//1786 819//1786
f 1742//1787 2627//1787 819//1787 261//1787
f 515//1788 1745//1788 2628//1788 1744//1788
f 1745//1789 516//1789 1746//1789 2628//1789
f 2628//1790 1746//1790 513//1790 833//1790
f 1744//1791 2628//1791 833//1791 512//1791
f 516//1792 1747//1792 2629//1792 1746//1792
f 1747//1793 517//1793 1748//1793 2629//1793
f 2629//1794 1748//1794 262//1794 831//1794
f 1746//1795 2629//1795 831//1795 513//1795
f 517//1796 1749//1796 2630//1796 1748//1796
f 1749//1797 514//1797 1742//1797 2630//1797
f 2630//1798 1742//1798 261//1798 1259//1798
f 1748//1799 2630//1799 1259//1799 262//1799
f 518//1800 1751//1800 2631//1800 1750//1800
f 1751//1801 519//1801 1752//1801 2631//1801
f 2631//1802 1752//1802 515//1802 1743//1802
f 1750//1803 2631//1803 1743//1803 514//1803
f 519//1804 1753//1804 2632//1804 1752//1804
f 1753//1805 520//1805 1754//1805 2632//1805
f 2632//1806 1754//1806 516//1806 1745//1806
f 1752//1807 2632//1807 1745//1807 515//1807
f 520//1808 1755//1808 2633//1808 1754//1808
f 1755//1809 521//1809 1756//1809 2633//1809
f 2633//1810 1756//1810 517//1810 1747//1810
f 1754//1811 2633//1811 1747//1811 516//1811
f 521//1812 1757//1812 2634//1812 1756//1812
f 1757//1813 518//1813 1750//1813 2634//1813
f 2634//1814 1750//1814 514//1814 1749//1814
f 1756//1815 2634//1815 1749//1815 517//1815
f 93//1816 1759//1816 2635//1816 1758//1816
f 1759//1817 94//1817 1760//1817 2635//1817
f 2635//1818 1760//1818 519//1818 1751//1818
f 1758//1819 2635//1819 1751//1819 518//1819
f 94//1820 1761//1820 2636//1820 1760//1820
f 1761//1821 95//1821 1762//1821 2636//1821
f 2636//1822 1762//1822 520//1822 1753//1822
f 1760//1823 2636//1823 1753//1823 519//1823
f 95//1824 1763//1824 2637//1824 1762//1824
f 1763//1825 96//1825 1764//1825 2637//1825
f 2637//1826 1764//1826 521//1826 1755//1826
f 1762//1827 2637//1827 1755//1827 520//1827
f 96//1828 1765//1828 2638//1828 1764//1828
f 1765//1829 93//1829 1758//1829 2638//1829
f 2638//1830 1758//1830 518//1830 1757//1830
f 1764//1831 2638//1831 1757//1831 521//1831
f 522//1832 1767//1832 2639//1832 1766//1832
f 1767//1833 523//1833 1768//1833 2639//1833
f 2639//1834 1768//1834 94//1834 1759//1834
f 1766//1835 2639//1835 1759//1835 93//1835
f 523//1836 1769//1836 2640//1836 1768//1836
f 1769//1837 524//1837 1770//1837 2640//1837
f 2640//1838 1770//1838 95//1838 1761//1838
f 1768//1839 2640//1839 1761//1839 94//1839
f 524//1840 1771//1840 2641//1840 1770//1840
f 1771//1841 525//1841 1772//1841 2641//1841
f 2641//1842 1772//1842 96//1842 1763//1842
f 1770//1843 2641//1843 1763//1843 95//1843
f 525//1844 1773//1844 2642//1844 1772//1844
f 1773//1845 522//1845 1766//1845 2642//1845
f 2642//1846 1766//1846 93//1846 1765//1846
f 1772//1847 2642//1847 1765//1847 96//1847
f 526//1848 1775//1848 2643//1848 1774//1848
f 1775//1849 527//1849 1776//1849 2643//1849
f 2643//1850 1776//1850 523//1850 1767//1850
f 1774//1851 2643//1851 1767//1851 522//1851
f 527//1852 1777//1852 2644//1852 1776//1852
f 1777//1853 528//1853 1778//1853 2644//1853
f 2644//1854 1778//1854 524//1854 1769//1854
f 1776//1855 2644//1855 1769//1855 523//1855
f 528//1856 1779//1856 2645//1856 1778//1856
f 1779//1857 529//1857 1780//1857 2645//1857
f 2645//1858 1780//1858 525//1858 1771//1858
f 1778//1859 2645//1859 1771//1859 524//1859
f 529//1860 1781//1860 2646//1860 1780//1860
f 1781//1861 526//1861 1774//1861 2646//1861
f 2646//1862 1774//1862 522//1862 1773//1862
f 1780//1863 2646//1863 1773//1863 525//1863
f 530//1864 1783//1864 2647//1864 1782//1864
f 1783//1865 531//1865 1784//1865 2647//1865
f 2647//1865 1784//1865 527//1865 1775//1865
f 1782//1864 2647//1864 1775//1864 526//1864
f 531//1866 1785//1866 2648//1866 1784//1866
f 1785//1867 532//1867 1786//1867 2648//1867
f 2648//1867 1786//1867 528//1867 1777//1867
f 1784//1866 2648//1866 1777//1866 527//1866
f 532//1868 1787//1868 2649//1868 1786//1868
f 1787//1869 533//1869 1788//1869 2649//1869
f 2649//1870 1788//1870 529//1870 1779//1870
f 1786//1868 2649//1868 1779//1868 528//1868
f 533//1871 1789//1871 2650//1871 1788//1871
f 1789//1872 530//1872 1782//1872 2650//1872
f 2650//1872 1782//1872 526//1872 1781//1872
f 1788//1873 2650//1873 1781//1873 529//1873
f 97//1874 824//1874 2651//1874 1790//1874
f 824//1875 98//1875 1791//1875 2651//1875
f 2651//1876 1791//1876 531//1876 1783//1876
f 1790//1877 2651//1877 1783//1877 530//1877
f 98//1878 828//1878 2652//1878 1791//1878
f 828//1879 99//1879 1792//1879 2652//1879
f 2652//1880 1792//1880 532//1880 1785//1880
f 1791//1881 2652//1881 1785//1881 531//1881
f 99//1882 834//1882 2653//1882 1792//1882
f 834//1883 100//1883 1793//1883 2653//1883
f 2653//1884 1793//1884 533//1884 1787//1884
f 1792//1885 2653//1885 1787//1885 532//1885
f 100//1886 846//1886 2654//1886 1793//1886
f 846//1887 97//1887 1790//1887 2654//1887
f 2654//1888 1790//1888 530//1888 1789//1888
f 1793//1889 2654//1889 1789//1889 533//1889
f 534//1890 1795//1890 2655//1890 1794//1890
f 1795//1891 535//1891 1796//1891 2655//1891
f 2655//1892 1796//1892 38//1892 1449//1892
f 1794//1893 2655//1893 1449//1893 37//1893
f 535//1894 1797//1894 2656//1894 1796//1894
f 1797//1895 536//1895 1798//1895 2656//1895
f 2656//1896 1798//1896 39//1896 1451//1896
f 1796//1897 2656//1897 1451//1897 38//1897
f 536//1898 1799//1898 2657//1898 1798//1898
f 1799//1899 537//1899 1800//1899 2657//1899
f 2657//1900 1800//1900 40//1900 1453//1900
f 1798//1901 2657//1901 1453//1901 39//1901
f 537//1902 1801//1902 2658//1902 1800//1902
f 1801//1903 534//1903 1794//1903 2658//1903
f 2658//1904 1794//1904 37//1904 1455//1904
f 1800//1905 2658//1905 1455//1905 40//1905
f 538//1906 958//1906 2659//1906 1802//1906
f 958//1907 539//1907 1803//1907 2659//1907
f 2659//1908 1803//1908 535//1908 1795//1908
f 1802//1909 2659//1909 1795//1909 534//1909
f 539//1910 969//1910 2660//1910 1803//1910
f 969//1911 540//1911 1804//1911 2660//1911
f 2660//1912 1804//1912 536//1912 1797//1912
f 1803//1913 2660//1913 1797//1913 535//1913
f 540//1914 966//1914 2661//1914 1804//1914
f 966//1915 541//1915 1805//1915 2661//1915
f 2661//1916 1805//1916 537//1916 1799//1916
f 1804//1917 2661//1917 1799//1917 536//1917
f 541//1918 971//1918 2662//1918 1805//1918
f 971//1919 538//1919 1802//1919 2662//1919
f 2662//1920 1802//1920 534//1920 1801//1920
f 1805//1921 2662//1921 1801//1921 537//1921
f 544//1922 1807//1922 2663//1922 1806//1922
f 1807//1923 545//1923 1808//1923 2663//1923
f 2663//1924 1808//1924 539//1924 957//1924
f 1806//1925 2663//1925 957//1925 542//1925
f 545//1926 1809//1926 2664//1926 1808//1926
f 1809//1927 546//1927 1810//1927 2664//1927
f 2664//1928 1810//1928 543//1928 956//1928
f 1808//1929 2664//1929 956//1929 539//1929
f 546//1930 1811//1930 2665//1930 1810//1930
f 1811//1931 547//1931 1812//1931 2665//1931
f 2665//1932 1812//1932 363//1932 954//1932
f 1810//1933 2665//1933 954//1933 543//1933
f 547//1934 1813//1934 2666//1934 1812//1934
f 1813//1935 544//1935 1806//1935 2666//1935
f 2666//1936 1806//1936 542//1936 920//1936
f 1812//1937 2666//1937 920//1937 363//1937
f 548//1938 1815//1938 2667//1938 1814//1938
f 1815//1939 549//1939 1816//1939 2667//1939
f 2667//1940 1816//1940 545//1940 1807//1940
f 1814//1941 2667//1941 1807//1941 544//1941
f 549//1942 1817//1942 2668//1942 1816//1942
f 1817//1943 550//1943 1818//1943 2668//1943
f 2668//1944 1818//1944 546//1944 1809//1944
f 1816//1945 2668//1945 1809//1945 545//1945
f 550//1946 1819//1946 2669//1946 1818//1946
f 1819//1947 551//1947 1820//1947 2669//1947
f 2669//1948 1820//1948 547//1948 1811//1948
f 1818//1949 2669//1949 1811//1949 546//1949
f 551//1950 1821//1950 2670//1950 1820//1950
f 1821//1951 548//1951 1814//1951 2670//1951
f 2670//1952 1814//1952 544//1952 1813//1952
f 1820//1953 2670//1953 1813//1953 547//1953
f 101//1954 1823//1954 2671//1954 1822//1954
f 1823//1955 102//1955 1824//1955 2671//1955
f 2671//1956 1824//1956 549//1956 1815//1956
f 1822//1957 2671//1957 1815//1957 548//1957
f 102//1958 1825//1958 2672//1958 1824//1958
f 1825//1959 103//1959 1826//1959 2672//1959
f 2672//1960 1826//1960 550//1960 1817//1960
f 1824//1961 2672//1961 1817//1961 549//1961
f 103//1962 1827//1962 2673//1962 1826//1962
f 1827//1963 104//1963 1828//1963 2673//1963
f 2673//1964 1828//1964 551//1964 1819//1964
f 1826//1965 2673//1965 1819//1965 550//1965
f 104//1966 1829//1966 2674//1966 1828//1966
f 1829//1967 101//1967 1822//1967 2674//1967
f 2674//1968 1822//1968 548//1968 1821//1968
f 1828//1969 2674//1969 1821//1969 551//1969
f 552//1970 1831//1970 2675//1970 1830//1970
f 1831//1971 553//1971 1832//1971 2675//1971
f 2675//1972 1832//1972 102//1972 1823//1972
f 1830//1973 2675//1973 1823//1973 101//1973
f 553//1974 1833//1974 2676//1974 1832//1974
f 1833//1975 554//1975 1834//1975 2676//1975
f 2676//1976 1834//1976 103//1976 1825//1976
f 1832//1977 2676//1977 1825//1977 102//1977
f 554//1978 1835//1978 2677//1978 1834//1978
f 1835//1979 555//1979 1836//1979 2677//1979
f 2677//1980 1836//1980 104//1980 1827//1980
f 1834//1981 2677//1981 1827//1981 103//1981
f 555//1982 1837//1982 2678//1982 1836//1982
f 1837//1983 552//1983 1830//1983 2678//1983
f 2678//1984 1830//1984 101//1984 1829//1984
f 1836//1985 2678//1985 1829//1985 104//1985
f 556//1986 1839//1986 2679//1986 1838//1986
f 1839//1987 557//1987 1840//1987 2679//1987
f 2679//1988 1840//1988 553//1988 1831//1988
f 1838//1989 2679//1989 1831//1989 552//1989
f 557//1990 1841//1990 2680//1990 1840//1990
f 1841//1991 558//1991 1842//1991 2680//1991
f 2680//1992 1842//1992 554//1992 1833//1992
f 1840//1993 2680//1993 1833//1993 553//1993
f 558//1994 1843//1994 2681//1994 1842//1994
f 1843//1995 559//1995 1844//1995 2681//1995
f 2681//1996 1844//1996 555//1996 1835//1996
f 1842//1997 2681//1997 1835//1997 554//1997
f 559//1998 1845//1998 2682//1998 1844//1998
f 1845//1999 556//1999 1838//1999 2682//1999
f 2682//2000 1838//2000 552//2000 1837//2000
f 1844//2001 2682//2001 1837//2001 555//2001
f 105//2002 811//2002 2683//2002 1846//2002
f 811//2003 106//2003 1847//2003 2683//2003
f 2683//2004 1847//2004 557//2004 1839//2004
f 1846//2005 2683//2005 1839//2005 556//2005
f 106//2006 814//2006 2684//2006 1847//2006
f 814//2007 107//2007 1848//2007 2684//2007
f 2684//2008 1848//2008 558//2008 1841//2008
f 1847//2009 2684//2009 1841//2009 557//2009
f 107//2010 818//2010 2685//2010 1848//2010
f 818//2011 108//2011 1849//2011 2685//2011
f 2685//2012 1849//2012 559//2012 1843//2012
f 1848//2013 2685//2013 1843//2013 558//2013
f 108//2014 820//2014 2686//2014 1849//2014
f 820//2015 105//2015 1846//2015 2686//2015
f 2686//2016 1846//2016 556//2016 1845//2016
f 1849//2017 2686//2017 1845//2017 559//2017
f 560//2018 1851//2018 2687//2018 1850//2018
f 1851//2019 561//2019 1852//2019 2687//2019
f 2687//2020 1852//2020 10//2020 1202//2020
f 1850//2021 2687//2021 1202//2021 9//2021
f 561//2022 1853//2022 2688//2022 1852//2022
f 1853//2023 562//2023 1854//2023 2688//2023
f 2688//2024 1854//2024 11//2024 1204//2024
f 1852//2025 2688//2025 1204//2025 10//2025
f 562//2026 1855//2026 2689//2026 1854//2026
f 1855//2027 563//2027 1856//2027 2689//2027
f 2689//2028 1856//2028 12//2028 1206//2028
f 1854//2029 2689//2029 1206//2029 11//2029
f 563//2030 1857//2030 2690//2030 1856//2030
f 1857//2031 560//2031 1850//2031 2690//2031
f 2690//2032 1850//2032 9//2032 1208//2032
f 1856//2033 2690//2033 1208//2033 12//2033
f 564//2034 955//2034 2691//2034 1858//2034
f 955//2035 565//2035 1859//2035 2691//2035
f 2691//2036 1859//2036 561//2036 1851//2036
f 1858//2037 2691//2037 1851//2037 560//2037
f 565//2038 951//2038 2692//2038 1859//2038
f 951//2039 566//2039 1860//2039 2692//2039
f 2692//2040 1860//2040 562//2040 1853//2040
f 1859//2041 2692//2041 1853//2041 561//2041
f 566//2042 978//2042 2693//2042 1860//2042
f 978//2043 567//2043 1861//2043 2693//2043
f 2693//2044 1861//2044 563//2044 1855//2044
f 1860//2045 2693//2045 1855//2045 562//2045
f 567//2046 977//2046 2694//2046 1861//2046
f 977//2047 564//2047 1858//2047 2694//2047
f 2694//2048 1858//2048 560//2048 1857//2048
f 1861//2049 2694//2049 1857//2049 563//2049
f 571//2050 1863//2050 2695//2050 1862//2050
f 1863//2051 572//2051 1864//2051 2695//2051
f 2695//2052 1864//2052 569//2052 993//2052
f 1862//2053 2695//2053 993//2053 568//2053
f 572//2054 1865//2054 2696//2054 1864//2054
f 1865//2055 573//2055 1866//2055 2696//2055
f 2696//2056 1866//2056 570//2056 991//2056
f 1864//2057 2696//2057 991//2057 569//2057
f 573//2058 1867//2058 2697//2058 1866//2058
f 1867//2059 574//2059 1868//2059 2697//2059
f 2697//2060 1868//2060 567//2060 981//2060
f 1866//2061 2697//2061 981//2061 570//2061
f 574//2062 1869//2062 2698//2062 1868//2062
f 1869//2063 571//2063 1862//2063 2698//2063
f 2698//2064 1862//2064 568//2064 982//2064
f 1868//2065 2698//2065 982//2065 567//2065
f 109//2066 1871//2066 2699//2066 1870//2066
f 1871//2067 110//2067 1872//2067 2699//2067
f 2699//2068 1872//2068 572//2068 1863//2068
f 1870//2069 2699//2069 1863//2069 571//2069
f 110//2070 1873//2070 2700//2070 1872//2070
f 1873//2071 111//2071 1874//2071 2700//2071
f 2700//2072 1874//2072 573//2072 1865//2072
f 1872//2073 2700//2073 1865//2073 572//2073
f 111//2074 1875//2074 2701//2074 1874//2074
f 1875//2075 112//2075 1876//2075 2701//2075
f 2701//2076 1876//2076 574//2076 1867//2076
f 1874//2077 2701//2077 1867//2077 573//2077
f 112//2078 1877//2078 2702//2078 1876//2078
f 1877//2079 109//2079 1870//2079 2702//2079
f 2702//2080 1870//2080 571//2080 1869//2080
f 1876//2081 2702//2081 1869//2081 574//2081
f 575//2082 1879//2082 2703//2082 1878//2082
f 1879//2083 576//2083 1880//2083 2703//2083
f 2703//2084 1880//2084 110//2084 1871//2084
f 1878//2085 2703//2085 1871//2085 109//2085
f 576//2086 1881//2086 2704//2086 1880//2086
f 1881//2087 577//2087 1882//2087 2704//2087
f 2704//2088 1882//2088 111//2088 1873//2088
f 1880//2089 2704//2089 1873//2089 110//2089
f 577//2090 1883//2090 2705//2090 1882//2090
f 1883//2091 578//2091 1884//2091 2705//2091
f 2705//2092 1884//2092 112//2092 1875//2092
f 1882//2093 2705//2093 1875//2093 111//2093
f 578//2094 1885//2094 2706//2094 1884//2094
f 1885//2095 575//2095 1878//2095 2706//2095
f 2706//2096 1878//2096 109//2096 1877//2096
f 1884//2097 2706//2097 1877//2097 112//2097
f 579//2098 1887//2098 2707//2098 1886//2098
f 1887//2099 580//2099 1888//2099 2707//2099
f 2707//2100 1888//2100 576//2100 1879//2100
f 1886//2101 2707//2101 1879//2101 575//2101
f 580//2102 1889//2102 2708//2102 1888//2102
f 1889//2103 581//2103 1890//2103 2708//2103
f 2708//2104 1890//2104 577//2104 1881//2104
f 1888//2105 2708//2105 1881//2105 576//2105
f 581//2106 1891//2106 2709//2106 1890//2106
f 1891//2107 582//2107 1892//2107 2709//2107
f 2709//2108 1892//2108 578//2108 1883//2108
f 1890//2109 2709//2109 1883//2109 577//2109
f 582//2110 1893//2110 2710//2110 1892//2110
f 1893//2111 579//2111 1886//2111 2710//2111
f 2710//2112 1886//2112 575//2112 1885//2112
f 1892//2113 2710//2113 1885//2113 578//2113
f 113//2114 791//2114 2711//2114 1894//2114
f 791//2115 114//2115 1895//2115 2711//2115
f 2711//2116 1895//2116 580//2116 1887//2116
f 1894//2117 2711//2117 1887//2117 579//2117
f 114//2118 794//2118 2712//2118 1895//2118
f 794//2119 115//2119 1896//2119 2712//2119
f 2712//2120 1896//2120 581//2120 1889//2120
f 1895//2121 2712//2121 1889//2121 580//2121
f 115//2122 798//2122 2713//2122 1896//2122
f 798//2123 116//2123 1897//2123 2713//2123
f 2713//2124 1897//2124 582//2124 1891//2124
f 1896//2125 2713//2125 1891//2125 581//2125
f 116//2126 806//2126 2714//2126 1897//2126
f 806//2127 113//2127 1894//2127 2714//2127
f 2714//2128 1894//2128 579//2128 1893//2128
f 1897//2129 2714//2129 1893//2129 582//2129
f 586//2130 1013//2130 2715//2130 1898//2130
f 1013//2131 587//2131 1899//2131 2715//2131
f 2715//2132 1899//2132 584//2132 866//2132
f 1898//2133 2715//2133 866//2133 583//2133
f 587//2134 1014//2134 2716//2134 1899//2134
f 1014//2135 588//2135 1900//2135 2716//2135
f 2716//2136 1900//2136 168//2136 865//2136
f 1899//2137 2716//2137 865//2137 584//2137
f 588//2138 1015//2138 2717//2138 1900//2138
f 1015//2139 589//2139 1901//2139 2717//2139
f 2717//2140 1901//2140 585//2140 869//2140
f 1900//2141 2717//2141 869//2141 168//2141
f 589//2142 1017//2142 2718//2142 1901//2142
f 1017//2143 586//2143 1898//2143 2718//2143
f 2718//2144 1898//2144 583//2144 868//2144
f 1901//2145 2718//2145 868//2145 585//2145
f 594//2146 1903//2146 2719//2146 1902//2146
f 1903//2147 595//2147 1904//2147 2719//2147
f 2719//2148 1904//2148 591//2148 1001//2148
f 1902//2149 2719//2149 1001//2149 590//2149
f 595//2150 1905//2150 2720//2150 1904//2150
f 1905//2151 596//2151 1906//2151 2720//2151
f 2720//2152 1906//2152 592//2152 970//2152
f 1904//2153 2720//2153 970//2153 591//2153
f 596//2154 1907//2154 2721//2154 1906//2154
f 1907//2155 597//2155 1908//2155 2721//2155
f 2721//2156 1908//2156 593//2156 1004//2156
f 1906//2157 2721//2157 1004//2157 592//2157
f 597//2158 1909//2158 2722//2158 1908//2158
f 1909//2159 594//2159 1902//2159 2722//2159
f 2722//2160 1902//2160 590//2160 1003//2160
f 1908//2161 2722//2161 1003//2161 593//2161
f 117//2162 1911//2162 2723//2162 1910//2162
f 1911//2163 118//2163 1912//2163 2723//2163
f 2723//2164 1912//2164 595//2164 1903//2164
f 1910//2165 2723//2165 1903//2165 594//2165
f 118//2166 1913//2166 2724//2166 1912//2166
f 1913//2167 119//2167 1914//2167 2724//2167
f 2724//2168 1914//2168 596//2168 1905//2168
f 1912//2169 2724//2169 1905//2169 595//2169
f 119//2170 1915//2170 2725//2170 1914//2170
f 1915//2171 120//2171 1916//2171 2725//2171
f 2725//2172 1916//2172 597//2172 1907//2172
f 1914//2173 2725//2173 1907//2173 596//2173
f 120//2174 1917//2174 2726//2174 1916//2174
f 1917//2175 117//2175 1910//2175 2726//2175
f 2726//2176 1910//2176 594//2176 1909//2176
f 1916//2177 2726//2177 1909//2177 597//2177
f 598//2178 1919//2178 2727//2178 1918//2178
f 1919//2179 599//2179 1920//2179 2727//2179
f 2727//2180 1920//2180 118//2180 1911//2180
f 1918//2181 2727//2181 1911//2181 117//2181
f 599//2182 1921//2182 2728//2182 1920//2182
f 1921//2183 600//2183 1922//2183 2728//2183
f 2728//2184 1922//2184 119//2184 1913//2184
f 1920//2185 2728//2185 1913//2185 118//2185
f 600//2186 1923//2186 2729//2186 1922//2186
f 1923//2187 601//2187 1924//2187 2729//2187
f 2729//2188 1924//2188 120//2188 1915//2188
f 1922//2189 2729//2189 1915//2189 119//2189
f 601//2190 1925//2190 2730//2190 1924//2190
f 1925//2191 598//2191 1918//2191 2730//2191
f 2730//2192 1918//2192 117//2192 1917//2192
f 1924//2193 2730//2193 1917//2193 120//2193
f 602//2194 1927//2194 2731//2194 1926//2194
f 1927//2195 603//2195 1928//2195 2731//2195
f 2731//2196 1928//2196 599//2196 1919//2196
f 1926//2197 2731//2197 1919//2197 598//2197
f 603//2198 1929//2198 2732//2198 1928//2198
f 1929//2199 604//2199 1930//2199 2732//2199
f 2732//2200 1930//2200 600//2200 1921//2200
f 1928//2201 2732//2201 1921//2201 599//2201
f 604//2202 1931//2202 2733//2202 1930//2202
f 1931//2203 605//2203 1932//2203 2733//2203
f 2733//2204 1932//2204 601//2204 1923//2204
f 1930//2205 2733//2205 1923//2205 600//2205
f 605//2206 1933//2206 2734//2206 1932//2206
f 1933//2207 602//2207 1926//2207 2734//2207
f 2734//2208 1926//2208 598//2208 1925//2208
f 1932//2209 2734//2209 1925//2209 601//2209
f 606//2210 1935//2210 2735//2210 1934//2210
f 1935//2211 607//2211 1936//2211 2735//2211
f 2735//2211 1936//2211 603//2211 1927//2211
f 1934//2210 2735//2210 1927//2210 602//2210
f 607//2212 1937//2212 2736//2212 1936//2212
f 1937//2213 608//2213 1938//2213 2736//2213
f 2736//2213 1938//2213 604//2213 1929//2213
f 1936//2212 2736//2212 1929//2212 603//2212
f 608//2214 1939//2214 2737//2214 1938//2214
f 1939//2215 609//2215 1940//2215 2737//2215
f 2737//2215 1940//2215 605//2215 1931//2215
f 1938//2214 2737//2214 1931//2214 604//2214
f 609//2216 1941//2216 2738//2216 1940//2216
f 1941//2217 606//2217 1934//2217 2738//2217
f 2738//2217 1934//2217 602//2217 1933//2217
f 1940//2216 2738//2216 1933//2216 605//2216
f 121//2218 774//2218 2739//2218 1942//2218
f 774//2219 122//2219 1943//2219 2739//2219
f 2739//2220 1943//2220 607//2220 1935//2220
f 1942//2221 2739//2221 1935//2221 606//2221
f 122//2222 776//2222 2740//2222 1943//2222
f 776//2223 123//2223 1944//2223 2740//2223
f 2740//2224 1944//2224 608//2224 1937//2224
f 1943//2225 2740//2225 1937//2225 607//2225
f 123//2226 780//2226 2741//2226 1944//2226
f 780//2227 124//2227 1945//2227 2741//2227
f 2741//2228 1945//2228 609//2228 1939//2228
f 1944//2229 2741//2229 1939//2229 608//2229
f 124//2230 783//2230 2742//2230 1945//2230
f 783//2231 121//2231 1942//2231 2742//2231
f 2742//2232 1942//2232 606//2232 1941//2232
f 1945//2233 2742//2233 1941//2233 609//2233
f 610//2234 1039//2234 2743//2234 1946//2234
f 1039//2235 611//2235 1947//2235 2743//2235
f 2743//2236 1947//2236 54//2236 1529//2236
f 1946//2237 2743//2237 1529//2237 53//2237
f 611//2238 1040//2238 2744//2238 1947//2238
f 1040//2239 612//2239 1948//2239 2744//2239
f 2744//2240 1948//2240 55//2240 1531//2240
f 1947//2241 2744//2241 1531//2241 54//2241
f 612//2242 1042//2242 2745//2242 1948//2242
f 1042//2243 613//2243 1949//2243 2745//2243
f 2745//2244 1949//2244 56//2244 1533//2244
f 1948//2245 2745//2245 1533//2245 55//2245
f 613//2246 1025//2246 2746//2246 1949//2246
f 1025//2247 610//2247 1946//2247 2746//2247
f 2746//2248 1946//2248 53//2248 1535//2248
f 1949//2249 2746//2249 1535//2249 56//2249
f 617//2250 1951//2250 2747//2250 1950//2250
f 1951//2251 618//2251 1952//2251 2747//2251
f 2747//2252 1952//2252 611//2252 1038//2252
f 1950//2253 2747//2253 1038//2253 614//2253
f 618//2254 1953//2254 2748//2254 1952//2254
f 1953//2255 619//2255 1954//2255 2748//2255
f 2748//2256 1954//2256 615//2256 1037//2256
f 1952//2257 2748//2257 1037//2257 611//2257
f 619//2258 1955//2258 2749//2258 1954//2258
f 1955//2259 620//2259 1956//2259 2749//2259
f 2749//2260 1956//2260 616//2260 1035//2260
f 1954//2261 2749//2261 1035//2261 615//2261
f 620//2262 1957//2262 2750//2262 1956//2262
f 1957//2263 617//2263 1950//2263 2750//2263
f 2750//2264 1950//2264 614//2264 1030//2264
f 1956//2265 2750//2265 1030//2265 616//2265
f 125//2266 1959//2266 2751//2266 1958//2266
f 1959//2267 126//2267 1960//2267 2751//2267
f 2751//2268 1960//2268 618//2268 1951//2268
f 1958//2269 2751//2269 1951//2269 617//2269
f 126//2270 1961//2270 2752//2270 1960//2270
f 1961//2271 127//2271 1962//2271 2752//2271
f 2752//2272 1962//2272 619//2272 1953//2272
f 1960//2273 2752//2273 1953//2273 618//2273
f 127//2274 1963//2274 2753//2274 1962//2274
f 1963//2275 128//2275 1964//2275 2753//2275
f 2753//2276 1964//2276 620//2276 1955//2276
f 1962//2277 2753//2277 1955//2277 619//2277
f 128//2278 1965//2278 2754//2278 1964//2278
f 1965//2279 125//2279 1958//2279 2754//2279
f 2754//2280 1958//2280 617//2280 1957//2280
f 1964//2281 2754//2281 1957//2281 620//2281
f 621//2282 1967//2282 2755//2282 1966//2282
f 1967//2283 622//2283 1968//2283 2755//2283
f 2755//2284 1968//2284 126//2284 1959//2284
f 1966//2285 2755//2285 1959//2285 125//2285
f 622//2286 1969//2286 2756//2286 1968//2286
f 1969//2287 623//2287 1970//2287 2756//2287
f 2756//2288 1970//2288 127//2288 1961//2288
f 1968//2289 2756//2289 1961//2289 126//2289
f 623//2290 1971//2290 2757//2290 1970//2290
f 1971//2291 624//2291 1972//2291 2757//2291
f 2757//2292 1972//2292 128//2292 1963//2292
f 1970//2293 2757//2293 1963//2293 127//2293
f 624//2294 1973//2294 2758//2294 1972//2294
f 1973//2295 621//2295 1966//2295 2758//2295
f 2758//2296 1966//2296 125//2296 1965//2296
f 1972//2297 2758//2297 1965//2297 128//2297
f 625//2298 1975//2298 2759//2298 1974//2298
f 1975//2299 626//2299 1976//2299 2759//2299
f 2759//2300 1976//2300 622//2300 1967//2300
f 1974//2301 2759//2301 1967//2301 621//2301
f 626//2302 1977//2302 2760//2302 1976//2302
f 1977//2303 627//2303 1978//2303 2760//2303
f 2760//2304 1978//2304 623//2304 1969//2304
f 1976//2305 2760//2305 1969//2305 622//2305
f 627//2306 1979//2306 2761//2306 1978//2306
f 1979//2307 628//2307 1980//2307 2761//2307
f 2761//2308 1980//2308 624//2308 1971//2308
f 1978//2309 2761//2309 1971//2309 623//2309
f 628//2310 1981//2310 2762//2310 1980//2310
f 1981//2311 625//2311 1974//2311 2762//2311
f 2762//2312 1974//2312 621//2312 1973//2312
f 1980//2313 2762//2313 1973//2313 624//2313
f 629//2314 1983//2314 2763//2314 1982//2314
f 1983//2315 630//2315 1984//2315 2763//2315
f 2763//2315 1984//2315 626//2315 1975//2315
f 1982//2316 2763//2316 1975//2316 625//2316
f 630//2317 1985//2317 2764//2317 1984//2317
f 1985//2318 631//2318 1986//2318 2764//2318
f 2764//2318 1986//2318 627//2318 1977//2318
f 1984//2317 2764//2317 1977//2317 626//2317
f 631//2319 1987//2319 2765//2319 1986//2319
f 1987//2320 632//2320 1988//2320 2765//2320
f 2765//2320 1988//2320 628//2320 1979//2320
f 1986//2321 2765//2321 1979//2321 627//2321
f 632//2322 1989//2322 2766//2322 1988//2322
f 1989//2323 629//2323 1982//2323 2766//2323
f 2766//2323 1982//2323 625//2323 1981//2323
f 1988//2322 2766//2322 1981//2322 628//2322
f 129//2324 753//2324 2767//2324 1990//2324
f 753//2325 130//2325 1991//2325 2767//2325
f 2767//2326 1991//2326 630//2326 1983//2326
f 1990//2327 2767//2327 1983//2327 629//2327
f 130//2328 758//2328 2768//2328 1991//2328
f 758//2329 131//2329 1992//2329 2768//2329
f 2768//2330 1992//2330 631//2330 1985//2330
f 1991//2331 2768//2331 1985//2331 630//2331
f 131//2332 764//2332 2769//2332 1992//2332
f 764//2333 132//2333 1993//2333 2769//2333
f 2769//2334 1993//2334 632//2334 1987//2334
f 1992//2335 2769//2335 1987//2335 631//2335
f 132//2336 766//2336 2770//2336 1993//2336
f 766//2337 129//2337 1990//2337 2770//2337
f 2770//2338 1990//2338 629//2338 1989//2338
f 1993//2339 2770//2339 1989//2339 632//2339
f 635//2340 1995//2340 2771//2340 1994//2340
f 1995//2341 636//2341 1996//2341 2771//2341
f 2771//2342 1996//2342 174//2342 1129//2342
f 1994//2343 2771//2343 1129//2343 173//2343
f 636//2344 1997//2344 2772//2344 1996//2344
f 1997//2345 637//2345 1998//2345 2772//2345
f 2772//2346 1998//2346 633//2346 750//2346
f 1996//2347 2772//2347 750//2347 174//2347
f 637//2348 1999//2348 2773//2348 1998//2348
f 1999//2349 638//2349 2000//2349 2773//2349
f 2773//2350 2000//2350 634//2350 734//2350
f 1998//2351 2773//2351 734//2351 633//2351
f 638//2352 2001//2352 2774//2352 2000//2352
f 2001//2353 635//2353 1994//2353 2774//2353
f 2774//2354 1994//2354 173//2354 738//2354
f 2000//2355 2774//2355 738//2355 634//2355
f 639//2356 2003//2356 2775//2356 2002//2356
f 2003//2357 640//2357 2004//2357 2775//2357
f 2775//2358 2004//2358 636//2358 1995//2358
f 2002//2359 2775//2359 1995//2359 635//2359
f 640//2360 2005//2360 2776//2360 2004//2360
f 2005//2361 641//2361 2006//2361 2776//2361
f 2776//2362 2006//2362 637//2362 1997//2362
f 2004//2363 2776//2363 1997//2363 636//2363
f 641//2364 2007//2364 2777//2364 2006//2364
f 2007//2365 642//2365 2008//2365 2777//2365
f 2777//2366 2008//2366 638//2366 1999//2366
f 2006//2367 2777//2367 1999//2367 637//2367
f 642//2368 2009//2368 2778//2368 2008//2368
f 2009//2369 639//2369 2002//2369 2778//2369
f 2778//2370 2002//2370 635//2370 2001//2370
f 2008//2371 2778//2371 2001//2371 638//2371
f 133//2372 2011//2372 2779//2372 2010//2372
f 2011//2373 134//2373 2012//2373 2779//2373
f 2779//2374 2012//2374 640//2374 2003//2374
f 2010//2375 2779//2375 2003//2375 639//2375
f 134//2376 2013//2376 2780//2376 2012//2376
f 2013//2377 135//2377 2014//2377 2780//2377
f 2780//2378 2014//2378 641//2378 2005//2378
f 2012//2379 2780//2379 2005//2379 640//2379
f 135//2380 2015//2380 2781//2380 2014//2380
f 2015//2381 136//2381 2016//2381 2781//2381
f 2781//2382 2016//2382 642//2382 2007//2382
f 2014//2383 2781//2383 2007//2383 641//2383
f 136//2384 2017//2384 2782//2384 2016//2384
f 2017//2385 133//2385 2010//2385 2782//2385
f 2782//2386 2010//2386 639//2386 2009//2386
f 2016//2387 2782//2387 2009//2387 642//2387
f 643//2388 2019//2388 2783//2388 2018//2388
f 2019//2389 644//2389 2020//2389 2783//2389
f 2783//2390 2020//2390 134//2390 2011//2390
f 2018//2391 2783//2391 2011//2391 133//2391
f 644//2392 2021//2392 2784//2392 2020//2392
f 2021//2393 645//2393 2022//2393 2784//2393
f 2784//2394 2022//2394 135//2394 2013//2394
f 2020//2395 2784//2395 2013//2395 134//2395
f 645//2396 2023//2396 2785//2396 2022//2396
f 2023//2397 646//2397 2024//2397 2785//2397
f 2785//2398 2024//2398 136//2398 2015//2398
f 2022//2399 2785//2399 2015//2399 135//2399
f 646//2400 2025//2400 2786//2400 2024//2400
f 2025//2401 643//2401 2018//2401 2786//2401
f 2786//2402 2018//2402 133//2402 2017//2402
f 2024//2403 2786//2403 2017//2403 136//2403
f 647//2404 2027//2404 2787//2404 2026//2404
f 2027//2405 648//2405 2028//2405 2787//2405
f 2787//2406 2028//2406 644//2406 2019//2406
f 2026//2407 2787//2407 2019//2407 643//2407
f 648//2408 2029//2408 2788//2408 2028//2408
f 2029//2409 649//2409 2030//2409 2788//2409
f 2788//2410 2030//2410 645//2410 2021//2410
f 2028//2411 2788//2411 2021//2411 644//2411
f 649//2412 2031//2412 2789//2412 2030//2412
f 2031//2413 650//2413 2032//2413 2789//2413
f 2789//2414 2032//2414 646//2414 2023//2414
f 2030//2415 2789//2415 2023//2415 645//2415
f 650//2416 2033//2416 2790//2416 2032//2416
f 2033//2417 647//2417 2026//2417 2790//2417
f 2790//2418 2026//2418 643//2418 2025//2418
f 2032//2419 2790//2419 2025//2419 646//2419
f 137//2420 729//2420 2791//2420 2034//2420
f 729//2421 138//2421 2035//2421 2791//2421
f 2791//2422 2035//2422 648//2422 2027//2422
f 2034//2423 2791//2423 2027//2423 647//2423
f 138//2424 735//2424 2792//2424 2035//2424
f 735//2425 139//2425 2036//2425 2792//2425
f 2792//2426 2036//2426 649//2426 2029//2426
f 2035//2427 2792//2427 2029//2427 648//2427
f 139//2428 737//2428 2793//2428 2036//2428
f 737//2429 140//2429 2037//2429 2793//2429
f 2793//2430 2037//2430 650//2430 2031//2430
f 2036//2431 2793//2431 2031//2431 649//2431
f 140//2432 748//2432 2794//2432 2037//2432
f 748//2433 137//2433 2034//2433 2794//2433
f 2794//2434 2034//2434 647//2434 2033//2434
f 2037//2435 2794//2435 2033//2435 650//2435
f 654//2436 1036//2436 2795//2436 2038//2436
f 1036//2437 655//2437 2039//2437 2795//2437
f 2795//2438 2039//2438 651//2438 887//2438
f 2038//2439 2795//2439 887//2439 442//2439
f 655//2440 1029//2440 2796//2440 2039//2440
f 1029//2441 656//2441 2040//2441 2796//2441
f 2796//2442 2040//2442 652//2442 886//2442
f 2039//2443 2796//2443 886//2443 651//2443
f 656//2444 1053//2444 2797//2444 2040//2444
f 1053//2445 657//2445 2041//2445 2797//2445
f 2797//2446 2041//2446 653//2446 851//2446
f 2040//2447 2797//2447 851//2447 652//2447
f 657//2448 1055//2448 2798//2448 2041//2448
f 1055//2449 654//2449 2038//2449 2798//2449
f 2798//2450 2038//2450 442//2450 889//2450
f 2041//2451 2798//2451 889//2451 653//2451
f 661//2452 2043//2452 2799//2452 2042//2452
f 2043//2453 662//2453 2044//2453 2799//2453
f 2799//2454 2044//2454 658//2454 1059//2454
f 2042//2455 2799//2455 1059//2455 657//2455
f 662//2456 2045//2456 2800//2456 2044//2456
f 2045//2457 663//2457 2046//2457 2800//2457
f 2800//2458 2046//2458 659//2458 1069//2458
f 2044//2459 2800//2459 1069//2459 658//2459
f 663//2460 2047//2460 2801//2460 2046//2460
f 2047//2461 664//2461 2048//2461 2801//2461
f 2801//2462 2048//2462 660//2462 1058//2462
f 2046//2463 2801//2463 1058//2463 659//2463
f 664//2464 2049//2464 2802//2464 2048//2464
f 2049//2465 661//2465 2042//2465 2802//2465
f 2802//2466 2042//2466 657//2466 1052//2466
f 2048//2467 2802//2467 1052//2467 660//2467
f 665//2468 2051//2468 2803//2468 2050//2468
f 2051//2469 666//2469 2052//2469 2803//2469
f 2803//2470 2052//2470 662//2470 2043//2470
f 2050//2471 2803//2471 2043//2471 661//2471
f 666//2472 2053//2472 2804//2472 2052//2472
f 2053//2473 667//2473 2054//2473 2804//2473
f 2804//2474 2054//2474 663//2474 2045//2474
f 2052//2475 2804//2475 2045//2475 662//2475
f 667//2476 2055//2476 2805//2476 2054//2476
f 2055//2477 668//2477 2056//2477 2805//2477
f 2805//2478 2056//2478 664//2478 2047//2478
f 2054//2479 2805//2479 2047//2479 663//2479
f 668//2480 2057//2480 2806//2480 2056//2480
f 2057//2481 665//2481 2050//2481 2806//2481
f 2806//2482 2050//2482 661//2482 2049//2482
f 2056//2483 2806//2483 2049//2483 664//2483
f 141//2484 2059//2484 2807//2484 2058//2484
f 2059//2485 142//2485 2060//2485 2807//2485
f 2807//2486 2060//2486 666//2486 2051//2486
f 2058//2487 2807//2487 2051//2487 665//2487
f 142//2488 2061//2488 2808//2488 2060//2488
f 2061//2489 143//2489 2062//2489 2808//2489
f 2808//2490 2062//2490 667//2490 2053//2490
f 2060//2491 2808//2491 2053//2491 666//2491
f 143//2492 2063//2492 2809//2492 2062//2492
f 2063//2493 144//2493 2064//2493 2809//2493
f 2809//2494 2064//2494 668//2494 2055//2494
f 2062//2495 2809//2495 2055//2495 667//2495
f 144//2496 2065//2496 2810//2496 2064//2496
f 2065//2497 141//2497 2058//2497 2810//2497
f 2810//2498 2058//2498 665//2498 2057//2498
f 2064//2499 2810//2499 2057//2499 668//2499
f 673//2500 2067//2500 2811//2500 2066//2500
f 2067//2501 674//2501 2068//2501 2811//2501
f 2811//2502 2068//2502 670//2502 1086//2502
f 2066//2503 2811//2503 1086//2503 669//2503
f 674//2504 2069//2504 2812//2504 2068//2504
f 2069//2505 675//2505 2070//2505 2812//2505
f 2812//2506 2070//2506 671//2506 1088//2506
f 2068//2507 2812//2507 1088//2507 670//2507
f 675//2508 2071//2508 2813//2508 2070//2508
f 2071//2509 676//2509 2072//2509 2813//2509
f 2813//2510 2072//2510 672//2510 1073//2510
f 2070//2511 2813//2511 1073//2511 671//2511
f 676//2512 2073//2512 2814//2512 2072//2512
f 2073//2513 673//2513 2066//2513 2814//2513
f 2814//2514 2066//2514 669//2514 1075//2514
f 2072//2515 2814//2515 1075//2515 672//2515
f 677//2516 2075//2516 2815//2516 2074//2516
f 2075//2517 678//2517 2076//2517 2815//2517
f 2815//2517 2076//2517 674//2517 2067//2517
f 2074//2516 2815//2516 2067//2516 673//2516
f 678//2518 2077//2518 2816//2518 2076//2518
f 2077//2519 679//2519 2078//2519 2816//2519
f 2816//2520 2078//2520 675//2520 2069//2520
f 2076//2518 2816//2518 2069//2518 674//2518
f 679//2521 2079//2521 2817//2521 2078//2521
f 2079//2522 680//2522 2080//2522 2817//2522
f 2817//2522 2080//2522 676//2522 2071//2522
f 2078//2521 2817//2521 2071//2521 675//2521
f 680//2523 2081//2523 2818//2523 2080//2523
f 2081//2524 677//2524 2074//2524 2818//2524
f 2818//2524 2074//2524 673//2524 2073//2524
f 2080//2523 2818//2523 2073//2523 676//2523
f 145//2525 712//2525 2819//2525 2082//2525
f 712//2526 146//2526 2083//2526 2819//2526
f 2819//2527 2083//2527 678//2527 2075//2527
f 2082//2528 2819//2528 2075//2528 677//2528
f 146//2529 715//2529 2820//2529 2083//2529
f 715//2530 147//2530 2084//2530 2820//2530
f 2820//2531 2084//2531 679//2531 2077//2531
f 2083//2532 2820//2532 2077//2532 678//2532
f 147//2533 720//2533 2821//2533 2084//2533
f 720//2534 148//2534 2085//2534 2821//2534
f 2821//2535 2085//2535 680//2535 2079//2535
f 2084//2536 2821//2536 2079//2536 679//2536
f 148//2537 726//2537 2822//2537 2085//2537
f 726//2538 145//2538 2082//2538 2822//2538
f 2822//2539 2082//2539 677//2539 2081//2539
f 2085//2540 2822//2540 2081//2540 680//2540
f 681//2541 2087//2541 2823//2541 2086//2541
f 2087//2542 682//2542 2088//2542 2823//2542
f 2823//2543 2088//2543 142//2543 2059//2543
f 2086//2544 2823//2544 2059//2544 141//2544
f 682//2545 2089//2545 2824//2545 2088//2545
f 2089//2546 683//2546 2090//2546 2824//2546
f 2824//2547 2090//2547 143//2547 2061//2547
f 2088//2548 2824//2548 2061//2548 142//2548
f 683//2549 2091//2549 2825//2549 2090//2549
f 2091//2550 684//2550 2092//2550 2825//2550
f 2825//2551 2092//2551 144//2551 2063//2551
f 2090//2552 2825//2552 2063//2552 143//2552
f 684//2553 2093//2553 2826//2553 2092//2553
f 2093//2554 681//2554 2086//2554 2826//2554
f 2826//2555 2086//2555 141//2555 2065//2555
f 2092//2556 2826//2556 2065//2556 144//2556
f 685//2557 1092//2557 2827//2557 2094//2557
f 1092//2558 686//2558 2095//2558 2827//2558
f 2827//2559 2095//2559 682//2559 2087//2559
f 2094//2560 2827//2560 2087//2560 681//2560
f 686//2561 1093//2561 2828//2561 2095//2561
f 1093//2562 687//2562 2096//2562 2828//2562
f 2828//2563 2096//2563 683//2563 2089//2563
f 2095//2564 2828//2564 2089//2564 682//2564
f 687//2565 1083//2565 2829//2565 2096//2565
f 1083//2566 688//2566 2097//2566 2829//2566
f 2829//2567 2097//2567 684//2567 2091//2567
f 2096//2568 2829//2568 2091//2568 683//2568
f 688//2569 1078//2569 2830//2569 2097//2569
f 1078//2570 685//2570 2094//2570 2830//2570
f 2830//2571 2094//2571 681//2571 2093//2571
f 2097//2572 2830//2572 2093//2572 684//2572
f 692//2573 2099//2573 2831//2573 2098//2573
f 2099//2574 693//2574 2100//2574 2831//2574
f 2831//2575 2100//2575 689//2575 1079//2575
f 2098//2576 2831//2576 1079//2576 688//2576
f 693//2577 2101//2577 2832//2577 2100//2577
f 2101//2578 694//2578 2102//2578 2832//2578
f 2832//2579 2102//2579 690//2579 1041//2579
f 2100//2580 2832//2580 1041//2580 689//2580
f 694//2581 2103//2581 2833//2581 2102//2581
f 2103//2582 695//2582 2104//2582 2833//2582
f 2833//2583 2104//2583 691//2583 1065//2583
f 2102//2584 2833//2584 1065//2584 690//2584
f 695//2585 2105//2585 2834//2585 2104//2585
f 2105//2586 692//2586 2098//2586 2834//2586
f 2834//2587 2098//2587 688//2587 1081//2587
f 2104//2588 2834//2588 1081//2588 691//2588
f 696//2589 2107//2589 2835//2589 2106//2589
f 2107//2590 697//2590 2108//2590 2835//2590
f 2835//2591 2108//2591 693//2591 2099//2591
f 2106//2592 2835//2592 2099//2592 692//2592
f 697//2593 2109//2593 2836//2593 2108//2593
f 2109//2594 698//2594 2110//2594 2836//2594
f 2836//2595 2110//2595 694//2595 2101//2595
f 2108//2596 2836//2596 2101//2596 693//2596
f 698//2597 2111//2597 2837//2597 2110//2597
f 2111//2598 699//2598 2112//2598 2837//2598
f 2837//2599 2112//2599 695//2599 2103//2599
f 2110//2600 2837//2600 2103//2600 694//2600
f 699//2601 2113//2601 2838//2601 2112//2601
f 2113//2602 696//2602 2106//2602 2838//2602
f 2838//2603 2106//2603 692//2603 2105//2603
f 2112//2604 2838//2604 2105//2604 695//2604
f 700//2605 2115//2605 2839//2605 2114//2605
f 2115//2606 701//2606 2116//2606 2839//2606
f 2839//2606 2116//2606 697//2606 2107//2606
f 2114//2605 2839//2605 2107//2605 696//2605
f 701//2607 2117//2607 2840//2607 2116//2607
f 2117//2608 702//2608 2118//2608 2840//2608
f 2840//2608 2118//2608 698//2608 2109//2608
f 2116//2607 2840//2607 2109//2607 697//2607
f 702//2609 2119//2609 2841//2609 2118//2609
f 2119//2610 703//2610 2120//2610 2841//2610
f 2841//2610 2120//2610 699//2610 2111//2610
f 2118//2609 2841//2609 2111//2609 698//2609
f 703//2611 2121//2611 2842//2611 2120//2611
f 2121//2612 700//2612 2114//2612 2842//2612
f 2842//2612 2114//2612 696//2612 2113//2612
f 2120//2611 2842//2611 2113//2611 699//2611
f 149//2613 1068//2613 2843//2613 2122//2613
f 1068//2614 150//2614 2123//2614 2843//2614
f 2843//2615 2123//2615 701//2615 2115//2615
f 2122//2616 2843//2616 2115//2616 700//2616
f 150//2617 1087//2617 2844//2617 2123//2617
f 1087//2618 151//2618 2124//2618 2844//2618
f 2844//2619 2124//2619 702//2619 2117//2619
f 2123//2620 2844//2620 2117//2620 701//2620
f 151//2621 1094//2621 2845//2621 2124//2621
f 1094//2622 152//2622 2125//2622 2845//2622
f 2845//2623 2125//2623 703//2623 2119//2623
f 2124//2624 2845//2624 2119//2624 702//2624
f 152//2625 709//2625 2846//2625 2125//2625
f 709//2626 149//2626 2122//2626 2846//2626
f 2846//2627 2122//2627 700//2627 2121//2627
f 2125//2628 2846//2628 2121//2628 703//2628
o leaves_plane
v -0.032902 6.368229 -1.307469
v 0.380736 6.368229 0.649289
v 1.923856 6.368229 -1.721107
v 2.337495 6.368229 0.235651
vn -0.0000 1.0000 -0.0000
vt 0.000000 0.000000
vt 1.000000 0.000000
vt 1.000000 1.000000
vt 0.000000 1.000000
s 0
f 2847/1/2629 2848/2/2629 2850/3/2629 2849/4/2629
o leaves_plane.001
v -1.752643 6.798267 -0.894061
v -0.699519 6.798267 0.202171
v -0.656412 6.798267 -1.947186
v 0.396713 6.798267 -0.850954
vn -0.0000 1.0000 -0.0000
vt 0.000000 0.000000
vt 1.000000 0.000000
vt 1.000000 1.000000
vt 0.000000 1.000000
s 0
f 2851/5/2630 2852/6/2630 2854/7/2630 2853/8/2630
o leaves_plane.002
v 1.050746 7.261845 0.446469
v -0.968836 7.261845 -1.367909
v -0.763632 7.261845 2.466052
v -2.783215 7.261845 0.651674
vn -0.0000 1.0000 -0.0000
vt 0.000000 0.000000
vt 1.000000 0.000000
vt 1.000000 1.000000
vt 0.000000 1.000000
s 0
f 2855/9/2631 2856/10/2631 2858/11/2631 2857/12/2631
o leaves_plane.003
v 0.388270 7.900855 1.221610
v 1.345931 7.900855 0.362858
v -0.470482 7.900855 0.263948
v 0.487179 7.900855 -0.594804
vn -0.0000 1.0000 -0.0000
vt 0.000000 0.000000
vt 1.000000 0.000000
vt 1.000000 1.000000
vt 0.000000 1.000000
s 0
f 2859/13/2632 2860/14/2632 2862/15/2632 2861/16/2632
o leaves_plane.004
v 0.442927 8.408648 0.231136
v 1.689198 8.408648 -0.087268
v 0.124524 8.408648 -1.015135
v 1.370794 8.408648 -1.333538
vn -0.0000 1.0000 -0.0000
vt 0.000000 0.000000
vt 1.000000 0.000000
vt 1.000000 1.000000
vt 0.000000 1.000000
s 0
f 2863/17/2633 2864/18/2633 2866/19/2633 2865/20/2633
o leaves_plane.005
v -0.421891 8.791143 -0.045774
v 0.496340 8.791143 -0.255343
v -0.631460 8.791143 -0.964005
v 0.286771 8.791143 -1.173574
vn -0.0000 1.0000 -0.0000
vt 0.000000 0.000000
vt 1.000000 0.000000
vt 1.000000 1.000000
vt 0.000000 1.000000
s 0
f 2867/21/2634 2868/22/2634 2870/23/2634 2869/24/2634
o leaves_plane.006
v -1.070076 4.861448 0.334094
v -0.273007 4.861448 2.803536
v 1.399367 4.861448 -0.462975
v 2.196435 4.861448 2.006468
vn -0.0000 1.0000 -0.0000
vt 0.000000 0.000000
vt 1.000000 0.000000
vt 1.000000 1.000000
vt 0.000000 1.000000
s 0
f 2871/25/2635 2872/26/2635 2874/27/2635 2873/28/2635
o leaves_plane.007
v -1.324746 4.467039 -3.031183
v -1.241504 4.467039 -0.437627
v 1.268810 4.467039 -3.114425
v 1.352052 4.467039 -0.520869
vn -0.0000 1.0000 -0.0000
vt 0.000000 0.000000
vt 1.000000 0.000000
vt 1.000000 1.000000
vt 0.000000 1.000000
s 0
f 2875/29/2636 2876/30/2636 2878/31/2636 2877/32/2636
